USE Project0506_07

--Location 
INSERT INTO [UMDAlumni.Location] VALUES
('PDES','CP DMV-Eastern Shore'),
('POWE','CP Online-Webinar'),
('PNNJ','CP Northeast-NNJ'),
('PNPH','CP Northeast-Philadelphia'),
('PDDC','CP DMV-Washington DC'),
('PWLA','CP West Coast-Los Angeles'),
('PDNA','CP DMV-General'),
('PNBO','CP Northeast-Boston'),
('PWNA','CP West Coast-General'),
('PWDE','CP West Coast-Denver'),
('PDCP','CP DMV-Greater CP'),
('PDMC','CP DMV-Montgomery County'),
('PDNV','CP DMV-Northern Virginia'),
('PDBR','CP DMV-Blue Ridge'),
('PWTU','CP West Coast-Tucson'),
('PDBA','CP DMV-Baltimore'),
('PDON','CP DMV-On Campus'),
('PDPG','CP DMV-Prince George''s County'),
('PDSO','CP DMV-Southern Maryland'),
('PDAN','CP DMV-Annapolis'),
('PSJA','CP Southeast-Jacksonville'),
('PNNY','CP Northeast-New York'),
('PSAT','CP Southeast-Atlanta'),
('PNCH','CP Northeast-Chicago'),
('PNCI','CP Northeast-Cincinnati'),
('PDHC','CP DMV-Howard County'),
('PSDF','CP Southeast-Dallas/Fort Worth'),
('PSMF','CP Southeast-South Florida'),
('PSTA','CP Southeast-Tampa/Sarasota'),
('PDWE','CP DMV-Western MD'),
('PWDF','CP West Coast-Dallas/Fort Worth'),
('PSNA','CP Southeast-General'),
('PSHO','CP Southeast-Houston'),
('PNDE','CP Northeast-Delaware'),
('PNNA','CP Northeast-General'),
('PWSD','CP West Coast-San Diego'),
('PWSE','CP West Coast-Seattle'),
('PIUK','CP International-UK'),
('PISK','CP International-South Korea'),
('PWOC','CP West Coast-Orange County'),
('PSAU','CP Southeast-Austin'),
('POBR','CP Online-Brazen'),
('PSRT','CP Southeast-Charlotte'),
('PWSF','CP West Coast-San Francisco'),
('P9NA','CP USA-General')

--Group 
INSERT INTO [UMDAlumni.Group] VALUES 
('G01','P99','CP Social','General'),
('G02','P99','CP General','General'),
('G03','PA9','CP Athletics','General'),
('G04','PA9','CP Advocacy','General'),
('G05','PAB','CP Athletics','UMBA'),
('G06','PAG','CP Athletics','General'),
('G07','PAY','CP Athletics','RG'),
('G08','PAZ','CP Athletics','Students & Alumni'),
('G09','PC10','CP ProDev','General'),
('G10','PC11','CP ProDev','General'),
('G11','PC4','CP ProDev','Mid Career'),
('G12','PC9','CP ProDev','General'),
('G13','PC9','CP ProDev','Mid Career'),
('G14','PCC','CP ProDev','CIVICUS'),
('G15','PCS','CP Career','Student'),
('G16','PCS','CP ProDev','Students'),
('G17','PCW','CP ProDev','Alumnae'),
('G18','PCZ','CP ProDev','StuAlum'),
('G19','PD9','CP Advocacy','General'),
('G20','PG9','CP Campaign','General'),
('G21','PH9','CP Stewardship','General'),
('G22','PHM','CP Stewardship','Membership'),
('G23','PI9','CP Cultivation','General'),
('G24','PIZ','CP Cultivation','StuAlum'),
('G25','PM9','CP Membership','General'),
('G26','PMM','CP Membership','Membership'),
('G27','PO9','CP Service','General'),
('G28','POB','CP Service','UMBA'),
('G29','POC','CP Service','CIVICUS'),
('G30','POO','CP Service','Muslim'),
('G31','PQB','CP Affinity','Black Alumni'),
('G32','PQK','CP Affinity','Lambda'),
('G33','PQL','CP Affinity','Latino'),
('G34','PQX','CP Affinity','Band'),
('G35','PS3','CP Social','Emeriti'),
('G36','PS9','CP Social','General'),
('G37','PSA','CP Social','Asian Pacific'),
('G38','PSB','CP Social','UMBA'),
('G39','PSC','CP Social','CIVICUS'),
('G40','PSK','CP Social','Lambda'),
('G41','PSL','CP Social','Latino'),
('G42','PSO','CP Service','MAM'),
('G43','PSS','CP Social','Students'),
('G44','PST','CP Social','Terp Thon'),
('G45','PSX','CP Social','Band'),
('G46','PSY','CP Social','RG'),
('G47','PSY','CP Social','Young Alumni'),
('G48','PSZ','CP Social','StuAlum'),
('G49','PU9','CP Cultural','General'),
('G50','PUB','CP Cultural','UMBA'),
('G51','PUL','CP Cultural','Latino'),
('G52','PUU','CP Cultural','Jewish'),
('G53','PUZ','CP Cultural','StuAlum'),
('G54','PVW','CP D&I','Alumnae')

--Activity 

INSERT INTO [UMDAlumni.Activity] VALUES
('A001','PE788','CP Dinner for 12 Terps','Dinner for 12 Terps'),
('A002','PEA1H','CP AA-DC Homebuying Seminar','Find your First Nest! A Terp Homebuying Seminar'),
('A003','PEA1M','CP AA-MoCo Terps 1st-Time Homebuyers HH','Your First Shell! MoCo Terps First-Time Home Buyers Happy Hour'),
('A004','PEA1X','CP AA-Baltimore Women''s Event','Baltimore Women''s Event'),
('A005','PEA2N','CP AA-NoVa Networking Breakfast','Northern Virginia Networking Breakfast'),
('A006','PEA30','CP AA-BOG 30th Anniversary Event','BOG 30th Anniversary Event'),
('A007','PEA3N','CP AA-DC Maryland at Washington Wizards','Maryland Night at the Washington Wizards'),
('A008','PEA7L','CP AA-MoCo Terps Brewery Tour at 7 Locks','MoCo Terps Brewery Tour at 7 Locks'),
('A009','PEAA1','CP AA-Selling on Amazon Pt 1 Webinar','Selling on Amazon Pt 1 Webinar'),
('A010','PEAA2','CP AA-Selling on Amazon Pt 2 Webinar','Selling on Amazon Pt 2 Webinar'),
('A011','PEAA5','CP-AA Homecoming Stu & Alumnae Brunch','Homecoming Student & Alumnae Brunch'),
('A012','PEAAA','CP AA-African Am HIS Cmps Walking Tour','African American History Campus Walking Tour'),
('A013','PEAAE','CP AA-EnTERPreneurs in NYC','EnTERPreneurs in NYC'),
('A014','PEAAF','CP AA Atlanta Crab Feast','Atlanta Terps Crab Feast'),
('A015','PEAAG','CP AA-Annapolis Terps Game Watch','Annapolis Terps Game Watch'),
('A016','PEAAL','CP AA-Speak Your Mind Webinar','Speak Your Mind Webinar'),
('A017','PEAAR','CP AA-PG Terps Guided Arboretum Tour','PG Terps Guided Arboretum Tour'),
('A018','PEAAS','CP AA-Annapolis Terps Do Good Event','Annapolis Terps Do Good Event'),
('A019','PEAAT','CP AA-Atlanta Terps TPN','Atlanta Terps TPN'),
('A020','PEAAV','CP AA-Legislator Campus Tours','Legislator Campus Tours'),
('A021','PEAAW','CP AA-Annapolis Terps Wine Tasting','Annapolis Terps Wine Tasting'),
('A022','PEAB1','CP AA-Big Ten Night at Nationals Park','Big Ten at Nationals Park'),
('A023','PEAB3','CP AA-Baltimore Terps Happy Hour','Baltimore Terps Happy Hour'),
('A024','PEAB7','CP AA-Boston Terps Summer Send-Off','Boston Terps Summer Send-Off'),
('A025','PEAB8','CP AA-Bootstrapped Live','Bootstrapped Live'),
('A026','PEAB9','CP AA-Baltimore in the 21st Century','Baltimore in the 21st Century: The Future of the Built Environment in Charm City'),
('A027','PEABB','CP AA-UMBA Homecoming Brunch','UMBA Homecoming Brunch'),
('A028','PEABC','CP AA-Baltimore Terps Career Panel','Baltimore Terps Career Panel'),
('A029','PEABE','CP AA-RG The Bar Method Class','RG The Bar Method Class'),
('A030','PEABF','CP AA-Baltimore Recent Grad Focus Group','Baltimore Recent Grad Focus Group'),
('A031','PEABG','CP AA-Baltimore Terps Game Watch','Baltimore Terps Game Watch'),
('A032','PEABH','CP AA-UMBA Happy Hour','UMBA Happy Hour'),
('A033','PEABI','CP AA-Business & Sales Webinar','Is VC Money Right for your Company?'),
('A034','PEABI','CP AA-Business & Sales Webinar','Your Business as a Band: How Can You Get More Fans'),
('A035','PEABI','CP AA-Business & Sales Webinar','Can Privacy Exist with Machine Learning'),
('A036','PEABI','CP AA-Business & Sales Webinar','Why Your Business Value Matters'),
('A037','PEABI','CP AA-Business & Sales Webinar','Strategies for Small Biz'),
('A038','PEABK','CP AA-UMDAA Basketball Suite','UMDAA Basketball Suite'),
('A039','PEABM','CP AA-Baltimore Mornings with Maryland','Baltimore Mornings with Maryland'),
('A040','PEABP','CP AA-Baltimore Terps TPN','Baltimore Terps TPN'),
('A041','PEABQ','CP AA-APAAN BBQ','APAAN BBQ'),
('A042','PEABS','CP AA-Baltimore Terps Do Good Event','Wreaths Across America'),
('A043','PEABS','CP AA-Baltimore Terps Do Good Event','Baltimore Terps at the Baltimore Hunger Project'),
('A044','PEABS','CP AA-Baltimore Terps Service Event','Baltimore Terps Service Event'),
('A045','PEABT','CP AA-Baltimore Terps Brewery Tour','Baltimore Terps Brewery Tour'),
('A046','PEABU','CP AA-Baltimore Terps Business Connect','Baltimore Terps Business Connect'),
('A047','PEABX','CP AA-Day at the Farm: Butler''s Orchard','Day at the Farm: Butler''s Orchard'),
('A048','PEABY','CP AA-Chelsey Green Brunch','Moco Terps: A Brunch Affair: Beyond the Stage with Chelsey Green'),
('A049','PEAC1','CP AA-Chicago Terps TPN','Chicago Terps TPN'),
('A050','PEAC2','CP AA-Work Smarter Not Harder','Career Conversation: Work Smarter, Not Harder – The Secrets to Unlimited Success'),
('A051','PEAC4','CP AA-Civil Rights in Bmore Walking Tour','History of Civil Rights in Baltimore Walking Tour'),
('A052','PEAC5','CP AA-CIVICUS 20th Anniv Celebration','CIVICUS 20th Anniversary Celebration'),
('A053','PEACA','CP AA-DC Terps C-Suite Alumni Meet Up','DC Terps C-Suite Alumni Meet Up'),
('A054','PEACB','CP AA-RG Crooked Crab Tour & Tasting','Recent Graduate Crooked Crab Brewery Tour & Tasting'),
('A055','PEACC','CP AA-Central CA Golf Tournament','Annapolis Terps Crab Feast'),
('A056','PEACD','CP AA-CIVICUS Do Good Event','CIVICUS Do Good Event'),
('A057','PEACE','CP AA-Fearless Career Exploration','Fearless Conversations in Career Exploration'),
('A058','PEACF','CP AA-Career Change Bootcamp','UMD Alumni Career Change Bootcamp'),
('A059','PEACG','CP AA-Chicago Terps Game Watch','Chicago Terps Game Watch'),
('A060','PEACH','CP AA-Capitol Hill Happy Hour','Capitol Hill Terps Happy Hour'),
('A061','PEACI','CP AA-CIVICUS Happy Hour','CIVICUS Happy Hour'),
('A062','PEACM','CP AA-Membership Breakfast','Maryland Day Member Breakfast'),
('A063','PEACN','CP AA-CMNS Terps Networking Reception','CMNS Terps Networking Reception'),
('A064','PEACO','CP AA-RG BCS Cooking Class','RG BCS Cooking Class'),
('A065','PEACP','CP AA-Howard County Terps Paint Night','Howard County Terps Paint Night'),
('A066','PEACR','CP AA-MoCo Terps Crab Feast','Montgomery County Crab Feast'),
('A067','PEACT','CP AA-Charlotte Terps Tailgate','Charlotte Terps Tailgate'),
('A068','PEACU','CP AA-Terps Do-Good: Charles Rvr Cleanup','Terps Do-Good: Charles River Cleanup'),
('A069','PEACV','CP AA-CIVICUS Summer Social','CIVICUS Summer Social'),
('A070','PEAD1','CP AA-Disney Culture in the Workplace','Implementing the Disney Culture in the Workplace'),
('A071','PEADB','CP AA-Denver Terps Brewery Tour','Denver Terps Brewery Tour'),
('A072','PEADC','CP AA-Denver Terps Crab Feast','Denver Terps Crab Feast'),
('A073','PEADD','CP AA-Delaware Game Watch','Delaware Game Watch'),
('A074','PEADE','CP AA-DFW Terps Baseball Game','DFW Terps Baseball Game'),
('A075','PEADF','CP AA-Alumni Day on the Farm','Alumni Day on the Farm'),
('A076','PEADG','CP AA-DC Terps Game Watch','DC Terps Game Watch'),
('A077','PEADH','CP AA-DC Terps Happy Hour','DC Terps Happy Hour'),
('A078','PEADS','CP AA-DFW Terps Do Good Event','DFW Do Good Project at North Texas Food Bank'),
('A079','PEADS','CP AA-DFW Terps Do Good Event','DFW Terps Do Good Event'),
('A080','PEADT','CP AA-DC Terps TPN','DC Terps TPN'),
('A081','PEADW','CP AA-DFW Terps Game Watch','Dallas Fort Worth Terps Game Watch'),
('A082','PEADX','CP AA-San Diego Game Watch','San Diego Game Watch'),
('A083','PEAE1','CP AA-Terp Entrepreneur Networking Event','Terp Entrepreneur Networking Event'),
('A084','PEAE2','CP AA-Eastern Shore Game Watch','Eastern Shore Game Watch'),
('A085','PEAEA','CP AA-Seattle Terps Networking Event','Seattle Terps Networking Event'),
('A086','PEAEB','CP AA-ENGR Terps Bethesda Event','ENGR Terps Bethesda Event'),
('A087','PEAEC','CP AA-ENGR Terps Jailbreak Brewery Tour','ENGR Terps Jailbreak Brewery Tour'),
('A088','PEAED','CP AA-Seattle Terps Do Good Event','Seattle Terps Do Good Event'),
('A089','PEAED','CP AA-Seattle Terps Do Good Event','Seattle Terps Do Good Service Event with Rebuilding Together Seattle'),
('A090','PEAEH','CP AA-ENGR Terps Happy Hour','ENGR Terps Happy Hour'),
('A091','PEAEK','CP AA-Seattle Terps at the Ballpark','Seattle Terps at the Ball Park'),
('A092','PEAEN','CP AA-ENGR Terps Networing Event at BMI','ENGR Terps Networking Event at BMI'),
('A093','PEAEP','CP AA-EnTERPreneurs in PG County','EnTERPreneurs in PG County'),
('A094','PEAET','CP AA-ENGR Terps Technica Brunch w/ CMNS','ENGR Terps Technica Brunch w/ CMNS'),
('A095','PEAEW','CP AA-EnTERPreneurs in the City: DC','EnTerPreneurs in the City: DC'),
('A096','PEAFA','CP AA-Fall Social: Montgomery County','Fall Social in Montgomery County'),
('A097','PEAFF','CP AA-Frederick Terps Happy Hour','Frederick Terps Happy Hour'),
('A098','PEAFL','CP AA-Financial Literacy Webinar','Foundations of Building Wealth Webinar'),
('A099','PEAFL','CP AA-Financial Literacy Webinar','Money and Sense: A Common Sense Guide to Managing Debt and Building Wealth'),
('A100','PEAFL','CP AA-Financial Literacy Webinar','Financial Planning Bootcamp for New Parents'),
('A101','PEAFL','CP AA-Financial Literacy Webinar','3 Financial Planning Strategies for Women'),
('A102','PEAFL','CP AA-Financial Literacy Webinar','Extreme Couponing Webinar'),
('A103','PEAFL','CP AA-Financial Literacy Webinar','Financial Wealth Steps Series'),
('A104','PEAFL','CP AA-Financial Literacy Webinar','Road to Retirement Webinar'),
('A105','PEAFY','CP AA-San Francisco Cycling Class','San Francisco Cycling Class'),
('A106','PEAGC','CP AA-Virginia Gold Cup','Virginia Gold Cup'),
('A107','PEAGD','CP AA-Green Seattle Day at the Parks','Seattle Terps: Green Seattle Day at the Parks'),
('A108','PEAGG','CP AA-Gift of Giving Gala','Gift of Giving Gala'),
('A109','PEAGS','CP AA-Ghetto Symphony Event','Ghetto Symphony Event'),
('A110','PEAGW','CP AA-Denver Terps Game Watch','Denver Terps Game Watch'),
('A111','PEAH2','CP AA-Seattle Terps New Grad Happy Hour','Seattle Terps New Grad Happy Hour'),
('A112','PEAHB','CP AA-Howard County Brewery Event','Howard County Brewery Event'),
('A113','PEAHC','CP AA-Houston Terps Crab Feast','Houston Terps Crab Feast'),
('A114','PEAHG','CP AA-Howard County Game Watch','Howard County Game Watch'),
('A115','PEAHH','CP AA-Howard County Happy Hour','Howard County Happy Hour'),
('A116','PEAHI','CP AA-Bay Area Terps Hike','Bay Area Terps Hike'),
('A117','PEAHL','CP AA-Seattle Holiday Party','Seattle Terps Holiday Party'),
('A118','PEAHO','CP AA-Houston Terps Game Watch','Houston Terps Game Watch'),
('A119','PEAHP','CP AA-Lambda Pride Holiday Party','Lambda Pride Holiday Party'),
('A120','PEAHS','CP AA-Insights to the Hiring Process Sem','Insights to the Hiring Process Sem'),
('A121','PEAI1','CP AA-Intro to Agile Webinar','Intro to Agile Webinar'),
('A122','PEAI2','CP AA-Write Better Agile Stories Webinar','Write Better Agile Stories Webinar'),
('A123','PEAIG','CP AA-Latino Alumni Network Game Watch','Latino Alumni Network Game Watch'),
('A124','PEAIH','CP AA-San Diego Terps Happy Hour','San Diego Terps Happy Hour'),
('A125','PEAIN','CP AA-Lambda Pride Informational','Lambda Pride Informational'),
('A126','PEAIS','CP AA-Baltimore Terps Brunch','Baltimore Terps Brunch'),
('A127','PEAJK','CP AA-Life of an (Acting) Surgeon','Meet Maryland: Life of an(Acting) Surgeon'),
('A128','PEAJL','CP AA -Jazz at LACMA with Larry Nash','Jazz at LACMA: Larry Nash & the Jazz Symphonic'),
('A129','PEAJO','CP AA-Public Trust in the Fake News Age','Public Trust in the Fake News Age'),
('A130','PEAKA','CP AA-Kaleidoscope of Bands Concert','Kaleidoscope of Bands Concert'),
('A131','PEAKB','CP AA-SD Summer Kick-Off Bonfire','San Diego Summer Kick-Off Bonfire'),
('A132','PEAKH','CP AA-San Diego Networking Breakfast','San Diego Networking Breakfast'),
('A133','PEAKM','CP AA-Meet and Greet with Yumi Hogan','Meet&Greet w/ Yumi Hogan'),
('A134','PEAKS','CP AA-RG Kendra Scott Open House','RG Kendra Scott Open House'),
('A135','PEAL1','CP AA-UMD Does Light City','UMD Does Light City'),
('A136','PEAL3','CP AA-Los Angeles Terps Crab Feast','LA Terps Crab Feast and Cookout'),
('A137','PEALA','CP AA-Latino Alumni Network Happy Hour','LAN Happy Hour'),
('A138','PEALB','CP AA-Latino Alumni Network Brunch','Latino Alumni Network Brunch'),
('A139','PEALC','CP AA-Leadership Conference','Leadership Conference'),
('A140','PEALE','CP AA-Leadership Webinar','Self Leadership and Happiness'),
('A141','PEALF','CP AA-Lambda Pride Holiday Fundraiser','Lambda Pride Holiday Fundraiser'),
('A142','PEALG','CP AA-LA Terps Game Watch','LA Terps Game Watch'),
('A143','PEALH','CP AA-LA Terps Happy Hour','LA Terps Happy Hour'),
('A144','PEALI','CP AA-Light City Alumni Reception','Light City Alumni Reception'),
('A145','PEALL','CP AA-LA Terps LA Galaxy Game','LA Terps LA Galaxy Game'),
('A146','PEALN','CP AA-London Happy Hour','London Happy Hour'),
('A147','PEALO','','LA Terps Operation Gratitude'),
('A148','PEALP','CP AA-Lambda Pride Happy Hour & Headshot','Lambda Happy Hour & Headshot'),
('A149','PEALR','CP AA-LA Terps Brewery Tour','LA Terps Brewery Tour'),
('A150','PEALT','CP AA-Leisure World Terps Game Watch','Leisure World Terps Game Watch'),
('A151','PEALV','CP AA-Las Vegas Terps Game Watch','Las Vegas Terps Game Watch'),
('A152','PEALX','CP AA-Latinx Leadership Summit','Latinx Leadership Summit'),
('A153','PEAM2','CP AA-DC Mornings with Maryland','DC Mornings with Maryland'),
('A154','PEAMC','CP AA-Montgomery Cty Terps Game Watch','Montgomery City Terps Game Watch'),
('A155','PEAMD','CP AA-Meet Maryland Lunch w/ Ex Director','Meet Maryland Lunch w/ Ex Director'),
('A156','PEAME','CP AA-Meet Maryland HH w/ Ex Director','Meet Maryland HH w/ Ex Director'),
('A157','PEAMG','CP AA-Boston Terps Game Watch','Boston Terps Game Watch'),
('A158','PEAMH','CP AA-Montgomery County Terps Happy Hour','Montgomery County Terps Happy Hour'),
('A159','PEAML','CP AA-UMBA MLK Service Event','UMBA MLK Service Event'),
('A160','PEAMM','CP AA-Muslim Alumni Do Good Day','Muslim Alumni Do Good Day'),
('A161','PEAMO','CP AA-MoCo Terps Do Good Event','MoCo Terps Do Good Event'),
('A162','PEAMO','CP AA-Montgomery County Terps Service','Montgomery County Terps Service'),
('A163','PEAMT','CP AA-Montgomery Cty Terps TPN','Montgomery City Terps TPN'),
('A164','PEAMU','CP AA-Muslim Alumni Gala','Muslim Alumni Gala'),
('A165','PEAMW','CP AA-Mornings with Maryland Northeast','Mornings with Maryland Northeast'),
('A166','PEAN2','CP AA-NetWorkout Boston','NetWorkout Boston'),
('A167','PEANA','CP AA-NY Terps Alumnae Networking Dinner','NY Terps Alumnae Networking Dinner'),
('A168','PEANB','CP AA-NoVa Business Leaders Meetup','NoVa Terps Business Leaders Meetup'),
('A169','PEANC','CP AA-New York Terps Crab Feast','New York Terps Crab Feast'),
('A170','PEAND','CP AA-San Diego Terps Day at the Races','San Diego Day at the Races'),
('A171','PEANE','CP AA-NetWorkout DC','NetWorkout DC'),
('A172','PEANF','CP AA-NoVA Recent Grad Focus Group','NoVA Recent Grad Focus Group'),
('A173','PEANG','CP AA-NY Terps Game Watch','NY Terps Game Watch'),
('A174','PEANH','CP AA-NY Terps Happy Hour','NY Terps Happy Hour'),
('A175','PEANI','CP AA-LinkedIn Student Training','LinkedIn Training for Students: How to Optimize Your Profile and your Network'),
('A176','PEANJ','CP AA-Northern NJ Terps TPN','Northern NJ Terps TPN'),
('A177','PEANL','CP AA-Meet Maryland Lunch, Naples','Meet Maryland Lunch, Naples'),
('A178','PEANM','CP AA-NY Terps Mets vs. Nats Game','NY Terps Mets v. Nats Game'),
('A179','PEANN','CP AA-Cincinnati Area Terp Happy Hour','Cincinnati Area Terp Happy Hour'),
('A180','PEANO','CP AA-NetWorkout MoCo','NetWorkout Montgomery County'),
('A181','PEANP','CP AA-NY Terps Holiday Party','NY Terps Holiday Party'),
('A182','PEANT','CP AA-NY Terps TPN','NY Terps TPN'),
('A183','PEANW','CP AA-Northern NJ Terps Game Watch','Northern NJ Terps Game Watch'),
('A184','PEAOB','CP AA-Baltimore Orioles Bullpen Pregame','Baltimore Orioles Bullpen Pregame'),
('A185','PEAOG','CP AA-South Florida Terps New Grad Welc.','South Florida Terps New Grad Welcome'),
('A186','PEAOH','CP AA-Football Alumni Zone Open Houses','Football Alumni Zone Open Houses'),
('A187','PEAON','CP AA-Terp Attorney Alumni Networking','Terp Attorney Alumni Networking'),
('A188','PEAOR','CP AA-Meet Maryland Reception, Sarasota','Meet Maryland Reception, Sarasota'),
('A189','PEAOT','CP AA-Overview of Terrorism Webinar','Webinar: A Global Spotlight on Terrorism in our World'),
('A190','PEAOW','CP AA-RG One World Happy Hour','Recent Grads One World Happy Hour'),
('A191','PEAP1','CP AA-Philly Young Alum HH Summer Series','Philly Terps: Young Alumni Happy Hour Summer Series'),
('A192','PEAP3','CP AA-Philly Terps Tailgate','Philly Terps Tailgate'),
('A193','PEAP4','CP AA-Philly Terps Ste Night at Ballpark','Philly Terps Suite Night at the Ballpark'),
('A194','PEAPB','','Philly Terps Yards Brewery Tour'),
('A195','PEAPC','CP AA-Special Topics Webinar','Neurodiversity on Campus and in the Workplace Webinar'),
('A196','PEAPC','CP AA-Special Topics Webinar','Navigating the Home Buying Process'),
('A197','PEAPC','CP AA-Special Topics Webinar','LBGTQ + Workplace Inclusion'),
('A198','PEAPC','CP AA-Special Topics Webinar','LBGTQ and the workplace'),
('A199','PEAPC','CP AA-Special Topics Webinar','Virtual and Augmented Reality: Opportunities for Investors and Creators'),
('A200','PEAPC','CP AA-Special Topics Webinar','Ultimate Guide to your network'),
('A201','PEAPC','CP AA-Special Topics Webinar','How a Bill Becomes a Law: A Look into the Maryland Legislative Process'),
('A202','PEAPC','CP AA-Special Topics Webinar','Caring for the Caregiver: Help for Terp Caregivers'),
('A203','PEAPC','CP AA-Special Topics Webinar','How Women Rise: Breaking the Habits Holding you Back'),
('A204','PEAPC','CP AA-Special Topics Webinar','Making the Most out of Terp Deals'),
('A205','PEAPC','CP AA-Special Topics Webinar','Can We Talk Webinar'),
('A206','PEAPD','CP AA-Pro/Per Development Webinar','How to Write the Greatest Job Application of Your Life Webinar'),
('A207','PEAPD','CP AA-Pro/Per Development Webinar','Patent Primer Webinar'),
('A208','PEAPD','CP AA-Pro/Per Development Webinar','how networking leads to great business success'),
('A209','PEAPD','CP AA-Pro/Per Development Webinar','Career Transitions: How to Change Lanes or Advance Forward with Ease'),
('A210','PEAPD','CP AA-Pro/Per Development Webinar','Podcasting and Branding Webinar'),
('A211','PEAPD','CP AA-Pro/Per Development Webinar','Your Online Presence Webinar'),
('A212','PEAPF','CP AA-Philly Terps TerptoberFest','Philly Terps Terptoberfest'),
('A213','PEAPG','CP AA-Philly Terps Game Watch','Philly Terps Game Watch'),
('A214','PEAPH','CP AA-APAAN Happy Hour','APAAN Happy Hour'),
('A215','PEAPO','CP AA-UMBA Pops Concert','UMBA Pops Concert'),
('A216','PEAPP','CP AA-Prince Georges Terps Football Ste','Prince George''s Terps Football Ste'),
('A217','PEAPT','CP AA-Philadelphia Terps TPN','Philadelphia Terps TPN'),
('A218','PEAPU','CP AA-Pacific Coast LAX Shootout Meet-Up','Pacific Coast LAX Shootout Meet-Up'),
('A219','PEAPW','CP AA-PG Terps Game Watch','PG Terps Game Watch'),
('A220','PEAQU','CP AA-QUEST Student Alumni Event','QUEST Student Alumni Event'),
('A221','PEARA','CP AA-Recent Graduate Tailgate','Recent Graduate Tailgate'),
('A222','PEARC','CP AA-RG DMV Soul Cycle Class','RG DMV Soul Cycle Class'),
('A223','PEARD','CP AA-Chicago Big 10K Pre-Race Dinner','Chicago Big 10k Pre-Race Dinner'),
('A224','PEARG','CP AA-Blue Ridge Terps Game Watch','Blue Ridge Terps Game Watch'),
('A225','PEARO','CP AA-Riggs Alumni Cntr Rental One Time','Riggs Alumni Cntr Rental One Time'),
('A226','PEARP','CP AA-EnTERPreneurs in San Francisco','EnTERPreneurs in the City, San Francisco'),
('A227','PEARS','CP AA-RG Sagamore Distillery Tour','RG Sagamore Distillery Tour'),
('A228','PEARU','CP AA-RG at Union Collective','Recent Graduates at Union Collective'),
('A229','PEAS1','CP AA-Annapolis Terps St. Pat''s Parade','Annapolis Terps St. Pat''s Parade'),
('A230','PEAS2','CP AA-San Francisco Service Event','San Francisco Service Event'),
('A231','PEAS6','CP AA-Southern Maryland Happy Hour','Southern Maryland Happy Hour'),
('A232','PEAS7','CP AA-SF Bay Area Terps Picnic','SF Bay Area Terps Picnic at Presidio'),
('A233','PEASA','CP AA-UMD Staff Alumni Happy Hour','UMD Staff Alumni Happy Hour'),
('A234','PEASB','CP AA-SoFL Terps Boca Museum of Art Tour','SoFL Terps Boca Museum of Art Tour'),
('A235','PEASC','CP AA-Southern MD Terps Crab Feast','Southern MD Terps Crab Feast'),
('A236','PEASD','CP AA-UMBA Do Good Day','UMBA Do Good Day'),
('A237','PEASF','CP AA-SoFL Terps Tailgate','SoFL Terps Tailgate'),
('A238','PEASG','CP AA-San Francisco Terps Happy Hour','San Francisco Terps Happy Hour'),
('A239','PEASH','CP AA-San Francisco Terps Game Watch','San Francisco Terps Game Watch'),
('A240','PEASI','CP AA-Seattle Terps Crab Feast','Seattle Terps Crab Feast'),
('A241','PEASK','CP AA-South Korea Reception','South Korea Reception'),
('A242','PEASL','CP AA-Seattle Terps Tesla Event','Seattle Terps Tesla Event'),
('A243','PEASM','CP AA-Southern MD Terps Game Watch','Southern Maryland Terps Game Watch'),
('A244','PEASO','CP AA-South Florida Terps Game Watch','South Florida Terps Game Watch'),
('A245','PEASP','CP AA-Prince George''s Terps Suite Party','Prince George''s Terps Suite Party'),
('A246','PEASP','CP AA-Prince George''s Terps WBB Suite','Prince George''s Terps WBB Suite'),
('A247','PEAST','CP AA-San Francisco Terps TPN','San Francisco Terps TPN'),
('A248','PEASU','CP AA-Seattle Terps Brewery Tour','Seattle Terps at the Cycle Saloon'),
('A249','PEASW','CP AA-Seattle Terps Game Watch','Seattle Terps Game Watch'),
('A250','PEASX','CP AA-SXSW Alumni Event','SXSW Alumni Event'),
('A251','PEAT2','CP AA-Montgomery County Trivia Night','Montgomery County Trivia Night'),
('A252','PEAT6','CP AA-Tucson Terps Joint Football Watch','Tucson Terps: Joint Football Watch Party with Purdue Alumni Club of Southern AZ'),
('A253','PEATA','CP AA-Terp Advocacy Day','Terp Advocacy Day'),
('A254','PEATB','CP AA-Terp Attornies Bar Crawl','Terp Attornies Bar Crawl'),
('A255','PEATC','CP AA-Terp Carnival','Terp Carnival'),
('A256','PEATD','CP AA-Tampa Day at the Races','Tampa Day at the Races'),
('A257','PEATE','CP AA-Tawes Crab and Clam Bake','Tawes Crab and Clam Bake'),
('A258','PEATF','CP AA-Terp Bound South Florida','South Florida Terp Bound'),
('A259','PEATG','CP AA-Tampa Terps Game Watch','Tampa Terps Game Watch'),
('A260','PEATI','CP AA-Terp Bound Chicago','Chicago Terp Bound'),
('A261','PEATJ','CP AA-Tips from the Tee','Tips from the Tee'),
('A262','PEATK','CP AA-DFW Terps Martin House Event','DFW Terps Martin House Event'),
('A263','PEATL','CP AA-Terp Bound Los Angeles','Los Angeles Terp Bound'),
('A264','PEATM','CP AA-Terps in Entertainment','Terps in Entertainment'),
('A265','PEATP','CP AA-Terp Bound Philadelphia','Philadelphia Terp Bound'),
('A266','PEATQ','CP AA-Terp Bound Bay Area','Bay Area Terp Bound'),
('A267','PEATR','CP AA-Tampa Terps Rays v. Orioles Game','Tampa Terps Rays v. Orioles Game'),
('A268','PEATS','CP AA-Terp Service Month Historic','Terp Service Month Historic'),
('A269','PEATT','CP AA-Terp Thon Alumni Brunch','Terp Thon Alumni Brunch'),
('A270','PEATU','CP AA-Terp Bound Southern Connecticut','Southern Connecticut Terp Bound'),
('A271','PEATW','CP AA-Atlanta Terps Game Watch','Atlanta Terps Game Watch'),
('A272','PEATY','CP AA-Terp Bound Long Island NY','Long Island Terp Bound'),
('A273','PEAU1','CP AA-Latino Alumni Network HC Tailgate','Latino Alumni Network Homecoming Tailgate'),
('A274','PEAU2','CP AA-SHABAM Manhattan','SHABAM Manhattan'),
('A275','PEAU3','CP AA-Union Station Tour and Taste','Union Station Tour and Taste'),
('A276','PEAUC','CP AA-Universty & Community Band Concert','University & Community Band Concert'),
('A277','PEAUD','CP AA-UMBA End Of Summer Cool Down','UMBA End of Summer Cool Down'),
('A278','PEAUG','CP AA-DC Terps New Grad Welcome','DC Terps New Grad Welcome'),
('A279','PEAUM','CP AA-UMBA Homecoming Tailgate','UMBA Homecoming Tailgate'),
('A280','PEAUN','CP AA-NetNite UMBA 2019','NetNite UMBA 2019'),
('A281','PEAUO','CP AA-Public Health Today','Fearless Conversations: Public Health Today'),
('A282','PEAUX','CP AA-Seattle Terps Starbucks Event','Seattle Terps Starbucks Event'),
('A283','PEAVB','CP AA-Virtual Book Club','UMD Alumni Virtual Book Club'),
('A284','PEAVG','CP AA-NoVA Terps Game Watch','NoVA Terps Game Watch'),
('A285','PEAVH','CP AA-NoVA Terps Happy Hour','NoVA Terps Happy Hour'),
('A286','PEAVP','CP AA-Comedy Night at Tickle Me','Comedy Night at Tickle Me Comedy Club'),
('A287','PEAVR','CP AA-Volunteer Appreciation Reception','Volunteer Appreciation Reception'),
('A288','PEAVT','CP AA-NoVA Terps TPN','NoVA Terps TPN'),
('A289','PEAWA','CP AA-LA Terps Volunteer Interest MeetUp','LA Terps Volunteer Interest MeetUp'),
('A290','PEAWB','CP AA-Blue Ridge Terps Beer Tasting','Blue Ridge Terps Beer Tasting'),
('A291','PEAWD','CP AA-Bay Area Terps Do Good Event','Bay Area Terps Do Good Event'),
('A292','PEAWF','CP AA-LA Terps Do Good Event','LA Terps Do Good Event'),
('A293','PEAWH','CP AA-Seattle Terps Happy Hour','Seattle Terps Happy Hour'),
('A294','PEAWM','CP AA-Women in Tech','Women in Tech'),
('A295','PEAWN','CP AA-MoCo Beer/Wine Tasting','Montgomery County Beer and Wine Tasting'),
('A296','PEAWT','CP AA-Prince George''s Terps Wine Tasting','Prince George''s Terps Wine Tasting'),
('A297','PEAWW','CP AA-LA Terps Wine Tour','LA Terps Wine Tour'),
('A298','PEAX5','CP AA-NY Alumnae Panel','NY Alumnae Panel'),
('A299','PEAXB','CP AA-African American Art Collecting','African American Art Collecting'),
('A300','PEAXG','CP AA-NoVA Terps New Grad Welcome','NoVa Terps New Grad Welcome'),
('A301','PEAXS','CP AA-UMBAO Evening at the Speakeasy','An Evening at the Speakeasy'),
('A302','PEAYA','CP AA-NYC Terp Attorney Happy Hour','New York: Terp Attorney Happy Hour'),
('A303','PEAYB','CP AA-RG Federal Hill Yoga & Brunch','RG Federal Hill Yoga & Brunch'),
('A304','PEAYH','CP AA-Young Alumni Happy Hour','Young Alumni Happy Hour'),
('A305','PEAYO','CP AA-NY Terps Yankees vs. Orioles','NY Terps Yankees vs. Orioles'),
('A306','PEAYS','CP AA-Tax Strategies Webinar','Tax Strategies Webinar'),
('A307','PEAZG','CP AA-Baltimore Terps New Grad Welcome','Baltimore Terps New Grad Welcome'),
('A308','PES30','CP SALC-Terps Under 30','Terps Under 30'),
('A309','PESAD','CP SALC-Advocacy & Politics TPN','SALC Advocacy & Politics TPN'),
('A310','PESFF','CP SALC-Fun Friday','Fun Friday'),
('A311','PESFL','CP SALC-Financial Literacy TPN','Financial Literacy TPN'),
('A312','PESHC','CP SALC-Health Care Industy TPN','Health Care Industry TPN'),
('A313','PESRG','CP SALC-Student & Recent Grad Brazen','Student & Recent Grad Brazen'),
('A314','PESTH','CP SALC-Thank-A-Donor Thursday','Thank-A-Donor'),
('A315','PESTT','CP SALC-Table for Terps','Table For Terps'),
('A316','PESWD','CP SALC-Wind Down Wednesday','Wind Down Wednesday'),
('A317','PESWG','CP SALC-Winter Grad Bash','Winter Grad Bash'),
('A318','PEZ13','CP AAE-2013 Bowl Game Tailgate','2013 Bowl Game Tailgate'),
('A319','PEZ14','CP AAE-2014 Foster Farms Bowl Tailgate','2014 Foster Farms Bowl Tailgate'),
('A320','PEZ50','CP AAE-50th Reunion','50th Reunion'),
('A321','PEZAG','CP AAE-Awards Gala','Alumni Awards Gala'),
('A322','PEZAM','CP AAE-Annapolis Terps Meet&Greet','Annapolis Terps Meet&Greet'),
('A323','PEZAR','CP AAE-Fearless Arlington','Fearless Arlington'),
('A324','PEZAS','CP AAE-Alumni Admissions Symposium','Alumni Admissions Symposium'),
('A325','PEZAT','CP AAE -Donna C. Aldridge Afternoon Tea','Donna C. Aldridge Afternoon Tea'),
('A326','PEZBH','CP AAE-Terps on the Boston Harbor','Terps on the Boston Harbor'),
('A327','PEZBR','CP AAE-Golden Terps Brunch','Golden Terps Brunch'),
('A328','PEZDA','CP AAE-DFW Night at the Aquarium','DFW Night at the Aquarium'),
('A329','PEZDD','CP AAE-Digital Disruptors','Digital Disruptors'),
('A330','PEZDS','CP AAE-Terrapin Disruptors, SV','Terrapin Disruptors Silicon Valley'),
('A331','PEZED','Ettiquette Dinner','Event Name'),
('A332','PEZEP','CP AA-EnTerprenuers Philadelphia','EnTerprenuers in the City: Philadelphia'),
('A333','PEZFA','CP AAE-Fearless Atlanta','Fearless Atlanta'),
('A334','PEZFB','CP AAE-Fearless Baltimore','Fearless Baltimore'),
('A335','PEZFE','CP AAE-Fearless Ideas: Broward County','Regional Campaign Event: Broward County'),
('A336','PEZFF','CP AAE-Fearless South Florida','Fearless South Florida'),
('A337','PEZFG','CP AAE-Fearless Ideas: Atlanta','Regional Campaign Event: Atlanta'),
('A338','PEZFH','CP AAE-Fearless Ideas: Howard County','Regional Campaign Event: Howard County'),
('A339','PEZFL','CP AAE-Fearless Los Angeles','Fearless Los Angeles'),
('A340','PEZFT','CP AAE-Football Tailgate','Football Tailgate'),
('A341','PEZGB','CP AAE-GradBash','GradBash'),
('A342','PEZHA','CP AAE-Meet Maryland Happy Hour, Austin','Meet Maryland Happy Hour, Austin'),
('A343','PEZHC','CP AAE-Homecoming Tailgate','Homecoming Tailgate'),
('A344','PEZHF','CP AAE-Hall of Fame Ceremony','Hall of Fame Ceremony'),
('A345','PEZID','CP AAE-Information Disruptors','Information Disruptors'),
('A346','PEZJV','CP AAE-Jimmy V Classic Bball Event','Jimmy V Classic Bball Event'),
('A347','PEZLA','CP AAE-Lifetime Member Maryland Day Bnch','Lifetime Member Maryland Day Bnch'),
('A348','PEZLH','CP AAE-Terps in LA','Terps in LA'),
('A349','PEZLS','CP AAE-Local Leaders in Boston','Local Leaders: A Conversation with Roger Berkowitz, CEO of Legal Seafoods'),
('A350','PEZLW','CP AAE-Lifetime Member Wall Unveiling','Lifetime Member Wall Unveiling'),
('A351','PEZMA','CP AAE-Member Night at the Aquarium','Member Night at the Aquarium'),
('A352','PEZMB','CP AAE-Member Basketball Pregame Event','Member Basketball Pregame Event'),
('A353','PEZMC','CP AAE-Member Night at the Bookstore','Member Night at the Bookstore'),
('A354','PEZMD','CP AAE-Maryland Day','Maryland Day'),
('A355','PEZMF','CP AAE-Member FACSTAFF Luncheon','Faculty/Staff Member Luncheon'),
('A356','PEZMI','CP AAE-2013 Military Bowl','2013 Military Bowl'),
('A357','PEZML','CP AAE-Meet Maryland Reception, LA','Meet Maryland Reception, Los Angeles'),
('A358','PEZMM','CP AAE-Maryland in Manhattan','Maryland in Manhattan'),
('A359','PEZMN','CP AAE-Member Night at Nats Ballpark','Member Night at Nats Ballpark'),
('A360','PEZMS','CP AAE-McFarland Movie Screening','McFarland Movie Screening'),
('A361','PEZMT','CP AAE-Meet Maryland TPN w/Exec Director','Meet Maryland TPN w/ Ex Director'),
('A362','PEZNY','CP AAE-Fearless New York City','Fearless New York City'),
('A363','PEZOC','CP AAE-Ocean City Summer Party','Ocean City Summer Party'),
('A364','PEZPT','CP AAE-Terps @ Penn State Tailgate','Terps @ Penn State Tailgate'),
('A365','PEZRC','CP AAE-Ring Ceremony','Ring Ceremony'),
('A366','PEZRO','CP AAE-Fearless Rockville','Fearless Rockville'),
('A367','PEZSB','CP AAE-Terp Small Business Owners Netwrk','Terp Small Business Owners Netwrk'),
('A368','PEZSF','CP AAE-Terps in San Francisco Bay','Terps in the San Francisco Bay'),
('A369','PEZTA','CP AAE-Terps in Annapolis','Terps in Annapolis'),
('A370','PEZTC','CP AAE-Member Night at The Clarice','Member Night at The Clarice'),
('A371','PEZTD','CP AAE-Big Ten Tournament Meet Up, DC','Big Ten Tournament Meet Up, DC'),
('A372','PEZTH','CP AAE-Terps on the Hill','Terps on the Hill'),
('A373','PEZTI','CP AAE-Big Ten Tournament Meet Up, Indy','Big Ten Tournament Meet Up, Indy'),
('A374','PEZTO','CP AAE-Big Ten Tournament MeetUp Chicago','Big Ten Tournament MeetUp Chicago'),
('A375','PEZTT','CP AA-Terrapin Taste Fest','Terrapin Taste Fest')

-- Fiscal Year 

INSERT INTO [UMDAlumni.FiscalYear] VALUES 
('07-06-2019','AA FY20'),
('07-10-2019','AA FY20'),
('07-11-2019','AA FY20'),
('07-14-2019','AA FY20'),
('07-17-2019','AA FY20'),
('07-19-2019','AA FY20'),
('07-20-2019','AA FY20'),
('08-04-2019','AA FY20'),
('08-06-2019','AA FY20'),
('08-14-2019','AA FY20'),
('08-17-2019','AA FY20'),
('08-22-2019','AA FY20'),
('08-23-2019','AA FY20'),
('08-25-2019','AA FY20'),
('08-27-2019','AA FY20'),
('09-10-2019','AA FY20'),
('09-12-2019','AA FY20'),
('09-14-2019','AA FY20'),
('09-22-2019','AA FY20'),
('09-25-2019','AA FY20'),
('10-05-2019','AA FY20'),
('10-08-2019','AA FY20'),
('10-12-2019','AA FY20'),
('10-13-2019','AA FY20'),
('10-15-2019','AA FY20'),
('10-16-2019','AA FY20'),
('10-19-2019','AA FY20'),
('10-22-2019','AA FY20'),
('10-23-2019','AA FY20'),
('10-24-2019','AA FY20'),
('10-26-2019','AA FY20'),
('10-27-2019','AA FY20'),
('10-28-2019','AA FY20'),
('10-29-2019','AA FY20'),
('11-02-2019','AA FY20'),
('11-03-2019','AA FY20'),
('11-07-2019','AA FY20'),
('11-09-2019','AA FY20'),
('11-11-2019','AA FY20'),
('11-12-2019','AA FY20'),
('11-13-2019','AA FY20'),
('11-15-2019','AA FY20'),
('11-17-2019','AA FY20'),
('11-23-2019','AA FY20'),
('11-30-2019','AA FY20'),
('07-01-2018','AA FY19'),
('07-12-2018','AA FY19'),
('07-15-2018','AA FY19'),
('07-18-2018','AA FY19'),
('07-23-2018','AA FY19'),
('08-03-2018','AA FY19'),
('08-09-2018','AA FY19'),
('08-11-2018','AA FY19'),
('08-15-2018','AA FY19'),
('08-19-2018','AA FY19'),
('08-21-2018','AA FY19'),
('08-22-2018','AA FY19'),
('08-23-2018','AA FY19'),
('08-29-2018','AA FY19'),
('09-01-2018','AA FY19'),
('09-05-2018','AA FY19'),
('09-06-2018','AA FY19'),
('09-08-2018','AA FY19'),
('09-09-2018','AA FY19'),
('09-12-2018','AA FY19'),
('09-13-2018','AA FY19'),
('09-15-2018','AA FY19'),
('09-16-2018','AA FY19'),
('09-17-2018','AA FY19'),
('09-22-2018','AA FY19'),
('09-26-2018','AA FY19'),
('09-27-2018','AA FY19'),
('09-29-2018','AA FY19'),
('10-02-2018','AA FY19'),
('10-05-2018','AA FY19'),
('10-06-2018','AA FY19'),
('10-09-2018','AA FY19'),
('10-10-2018','AA FY19'),
('10-11-2018','AA FY19'),
('10-12-2018','AA FY19'),
('10-13-2018','AA FY19'),
('10-18-2018','AA FY19'),
('10-20-2018','AA FY19'),
('10-23-2018','AA FY19'),
('10-24-2018','AA FY19'),
('10-26-2018','AA FY19'),
('10-27-2018','AA FY19'),
('11-01-2018','AA FY19'),
('11-02-2018','AA FY19'),
('11-03-2018','AA FY19'),
('11-05-2018','AA FY19'),
('11-07-2018','AA FY19'),
('11-08-2018','AA FY19'),
('11-09-2018','AA FY19'),
('11-12-2018','AA FY19'),
('11-13-2018','AA FY19'),
('11-14-2018','AA FY19'),
('11-17-2018','AA FY19'),
('11-24-2018','AA FY19'),
('11-26-2018','AA FY19'),
('11-28-2018','AA FY19'),
('11-29-2018','AA FY19'),
('12-01-2018','AA FY19'),
('12-04-2018','AA FY19'),
('12-06-2018','AA FY19'),
('12-08-2018','AA FY19'),
('12-11-2018','AA FY19'),
('12-12-2018','AA FY19'),
('12-14-2018','AA FY19'),
('12-15-2018','AA FY19'),
('12-19-2018','AA FY19'),
('01-05-2019','AA FY19'),
('01-11-2019','AA FY19'),
('01-12-2019','AA FY19'),
('01-14-2019','AA FY19'),
('01-15-2019','AA FY19'),
('01-18-2019','AA FY19'),
('01-21-2019','AA FY19'),
('01-24-2019','AA FY19'),
('01-26-2019','AA FY19'),
('01-28-2019','AA FY19'),
('02-01-2019','AA FY19'),
('02-06-2019','AA FY19'),
('02-07-2019','AA FY19'),
('02-09-2019','AA FY19'),
('02-11-2019','AA FY19'),
('02-13-2019','AA FY19'),
('02-16-2019','AA FY19'),
('02-17-2019','AA FY19'),
('02-19-2019','AA FY19'),
('02-21-2019','AA FY19'),
('02-23-2019','AA FY19'),
('02-25-2019','AA FY19'),
('02-26-2019','AA FY19'),
('02-27-2019','AA FY19'),
('02-28-2019','AA FY19'),
('03-02-2019','AA FY19'),
('03-03-2019','AA FY19'),
('03-04-2019','AA FY19'),
('03-06-2019','AA FY19'),
('03-07-2019','AA FY19'),
('03-09-2019','AA FY19'),
('03-10-2019','AA FY19'),
('03-12-2019','AA FY19'),
('03-17-2019','AA FY19'),
('03-19-2019','AA FY19'),
('03-21-2019','AA FY19'),
('03-23-2019','AA FY19'),
('03-24-2019','AA FY19'),
('03-27-2019','AA FY19'),
('03-30-2019','AA FY19'),
('03-31-2019','AA FY19'),
('04-03-2019','AA FY19'),
('04-04-2019','AA FY19'),
('04-06-2019','AA FY19'),
('04-07-2019','AA FY19'),
('04-10-2019','AA FY19'),
('04-11-2019','AA FY19'),
('04-13-2019','AA FY19'),
('04-17-2019','AA FY19'),
('04-18-2019','AA FY19'),
('04-23-2019','AA FY19'),
('04-24-2019','AA FY19'),
('04-26-2019','AA FY19'),
('04-27-2019','AA FY19'),
('04-29-2019','AA FY19'),
('04-30-2019','AA FY19'),
('05-31-2019','AA FY19'),
('06-02-2019','AA FY19'),
('06-06-2019','AA FY19'),
('06-08-2019','AA FY19'),
('06-11-2019','AA FY19'),
('06-13-2019','AA FY19'),
('06-15-2019','AA FY19'),
('06-17-2019','AA FY19'),
('06-19-2019','AA FY19'),
('06-21-2019','AA FY19'),
('06-23-2019','AA FY19'),
('06-26-2019','AA FY19'),
('06-28-2019','AA FY19'),
('04-21-2018','AA FY18'),
('03-11-2018','AA FY18'),
('02-06-2018','AA FY18'),
('03-07-2018','AA FY18'),
('05-20-2018','AA FY18'),
('10-18-2017','AA FY18'),
('04-26-2018','AA FY18'),
('04-08-2018','AA FY18'),
('05-03-2018','AA FY18'),
('04-12-2018','AA FY18'),
('07-26-2017','AA FY18'),
('02-22-2018','AA FY18'),
('05-31-2018','AA FY18'),
('04-14-2018','AA FY18'),
('02-24-2018','AA FY18'),
('01-20-2018','AA FY18'),
('01-29-2018','AA FY18'),
('06-19-2018','AA FY18'),
('04-17-2018','AA FY18'),
('04-05-2018','AA FY18'),
('05-09-2018','AA FY18'),
('05-16-2018','AA FY18'),
('05-23-2018','AA FY18'),
('05-30-2018','AA FY18'),
('04-24-2018','AA FY18'),
('01-11-2018','AA FY18'),
('03-10-2018','AA FY18'),
('04-28-2018','AA FY18'),
('02-07-2018','AA FY18'),
('06-03-2018','AA FY18'),
('10-07-2017','AA FY18'),
('10-26-2017','AA FY18'),
('04-19-2018','AA FY18'),
('11-29-2017','AA FY18'),
('09-03-2017','AA FY18'),
('03-23-2018','AA FY18'),
('03-22-2018','AA FY18'),
('06-06-2018','AA FY18'),
('03-26-2018','AA FY18'),
('02-12-2018','AA FY18'),
('03-24-2018','AA FY18'),
('09-23-2017','AA FY18'),
('04-04-2018','AA FY18'),
('01-17-2018','AA FY18'),
('02-27-2018','AA FY18'),
('03-19-2018','AA FY18'),
('04-10-2018','AA FY18'),
('02-17-2018','AA FY18'),
('02-21-2018','AA FY18'),
('06-23-2018','AA FY18'),
('01-28-2018','AA FY18'),
('03-04-2018','AA FY18'),
('03-18-2018','AA FY18'),
('12-09-2017','AA FY18'),
('01-27-2018','AA FY18'),
('11-15-2017','AA FY18'),
('03-29-2018','AA FY18'),
('12-07-2017','AA FY18'),
('11-17-2017','AA FY18'),
('03-13-2018','AA FY18'),
('11-16-2017','AA FY18'),
('03-12-2018','AA FY18'),
('04-15-2018','AA FY18'),
('03-25-2018','AA FY18'),
('03-03-2018','AA FY18'),
('06-07-2018','AA FY18'),
('01-07-2018','AA FY18'),
('01-18-2018','AA FY18'),
('05-17-2018','AA FY18'),
('06-12-2018','AA FY18'),
('10-28-2017','AA FY18'),
('10-21-2017','AA FY18'),
('09-14-2017','AA FY18'),
('04-25-2018','AA FY18'),
('09-01-2017','AA FY18'),
('02-25-2018','AA FY18'),
('12-06-2017','AA FY18'),
('07-29-2017','AA FY18'),
('07-12-2017','AA FY18'),
('03-14-2018','AA FY18'),
('04-27-2018','AA FY18'),
('11-02-2017','AA FY18'),
('10-03-2017','AA FY18'),
('04-30-2018','AA FY18'),
('03-27-2018','AA FY18'),
('12-03-2017','AA FY18'),
('07-07-2016','AA FY17'),
('07-10-2016','AA FY17'),
('08-07-2016','AA FY17'),
('09-30-2016','AA FY17'),
('10-01-2016','AA FY17'),
('10-22-2016','AA FY17'),
('11-10-2016','AA FY17'),
('11-12-2016','AA FY17'),
('12-04-2016','AA FY17'),
('01-28-2017','AA FY17'),
('02-15-2017','AA FY17'),
('02-16-2017','AA FY17'),
('02-18-2017','AA FY17'),
('02-26-2017','AA FY17'),
('02-28-2017','AA FY17'),
('03-04-2017','AA FY17'),
('03-10-2017','AA FY17'),
('03-30-2017','AA FY17'),
('04-01-2017','AA FY17'),
('04-03-2017','AA FY17'),
('04-04-2017','AA FY17'),
('04-05-2017','AA FY17'),
('04-08-2017','AA FY17'),
('05-01-2017','AA FY17'),
('05-08-2017','AA FY17'),
('05-11-2017','AA FY17'),
('05-20-2017','AA FY17'),
('06-08-2017','AA FY17'),
('06-20-2017','AA FY17'),
('10-22-2015','AA FY16'),
('09-05-2015','AA FY16'),
('07-16-2015','AA FY16'),
('08-01-2015','AA FY16'),
('11-07-2015','AA FY16'),
('08-16-2015','AA FY16'),
('08-20-2015','AA FY16'),
('09-03-2015','AA FY16'),
('09-09-2015','AA FY16'),
('09-10-2015','AA FY16'),
('09-13-2015','AA FY16'),
('10-03-2015','AA FY16'),
('10-17-2015','AA FY16'),
('10-06-2015','AA FY16'),
('10-10-2015','AA FY16'),
('10-20-2015','AA FY16'),
('10-24-2015','AA FY16'),
('10-26-2015','AA FY16'),
('02-18-2016','AA FY16'),
('11-04-2015','AA FY16'),
('11-05-2015','AA FY16'),
('11-06-2015','AA FY16'),
('11-08-2015','AA FY16'),
('11-14-2015','AA FY16'),
('11-17-2015','AA FY16'),
('12-01-2015','AA FY16'),
('12-05-2015','AA FY16'),
('12-08-2015','AA FY16'),
('12-10-2015','AA FY16'),
('12-11-2015','AA FY16'),
('12-15-2015','AA FY16'),
('12-20-2015','AA FY16'),
('12-30-2015','AA FY16'),
('01-02-2016','AA FY16'),
('01-09-2016','AA FY16'),
('01-12-2016','AA FY16'),
('01-18-2016','AA FY16'),
('01-23-2016','AA FY16'),
('01-31-2016','AA FY16'),
('02-21-2016','AA FY16'),
('02-27-2016','AA FY16'),
('02-28-2016','AA FY16'),
('03-03-2016','AA FY16'),
('03-06-2016','AA FY16'),
('03-09-2016','AA FY16'),
('03-10-2016','AA FY16'),
('03-11-2016','AA FY16'),
('02-03-2016','AA FY16'),
('03-18-2016','AA FY16'),
('03-20-2016','AA FY16'),
('03-22-2016','AA FY16'),
('03-23-2016','AA FY16'),
('03-24-2016','AA FY16'),
('03-29-2016','AA FY16'),
('03-30-2016','AA FY16'),
('04-03-2016','AA FY16'),
('04-09-2016','AA FY16'),
('04-14-2016','AA FY16'),
('04-21-2016','AA FY16'),
('04-23-2016','AA FY16'),
('04-27-2016','AA FY16'),
('04-30-2016','AA FY16'),
('05-02-2016','AA FY16'),
('05-05-2016','AA FY16'),
('05-06-2016','AA FY16'),
('05-07-2016','AA FY16'),
('05-10-2016','AA FY16'),
('05-18-2016','AA FY16'),
('06-08-2016','AA FY16'),
('06-12-2016','AA FY16'),
('06-13-2016','AA FY16'),
('06-14-2016','AA FY16'),
('06-15-2016','AA FY16'),
('06-28-2016','AA FY16'),
('08-02-2014','AA FY15'),
('08-09-2014','AA FY15'),
('08-16-2014','AA FY15'),
('09-06-2014','AA FY15'),
('09-07-2014','AA FY15'),
('09-12-2014','AA FY15'),
('09-13-2014','AA FY15'),
('09-14-2014','AA FY15'),
('09-20-2014','AA FY15'),
('09-21-2014','AA FY15'),
('10-04-2014','AA FY15'),
('10-09-2014','AA FY15'),
('10-14-2014','AA FY15'),
('10-18-2014','AA FY15'),
('10-20-2014','AA FY15'),
('10-22-2014','AA FY15'),
('10-23-2014','AA FY15'),
('10-25-2014','AA FY15'),
('10-28-2014','AA FY15'),
('11-01-2014','AA FY15'),
('11-06-2014','AA FY15'),
('11-09-2014','AA FY15'),
('11-11-2014','AA FY15'),
('11-12-2014','AA FY15'),
('11-13-2014','AA FY15'),
('11-15-2014','AA FY15'),
('11-22-2014','AA FY15'),
('12-02-2014','AA FY15'),
('12-03-2014','AA FY15'),
('12-06-2014','AA FY15'),
('12-09-2014','AA FY15'),
('12-10-2014','AA FY15'),
('12-11-2014','AA FY15'),
('12-13-2014','AA FY15'),
('12-30-2014','AA FY15'),
('01-14-2015','AA FY15'),
('01-15-2015','AA FY15'),
('01-17-2015','AA FY15'),
('01-22-2015','AA FY15'),
('02-03-2015','AA FY15'),
('02-04-2015','AA FY15'),
('02-05-2015','AA FY15'),
('02-07-2015','AA FY15'),
('02-08-2015','AA FY15'),
('02-10-2015','AA FY15'),
('02-11-2015','AA FY15'),
('02-14-2015','AA FY15'),
('02-24-2015','AA FY15'),
('02-26-2015','AA FY15'),
('02-28-2015','AA FY15'),
('03-03-2015','AA FY15'),
('03-07-2015','AA FY15'),
('03-13-2015','AA FY15'),
('03-20-2015','AA FY15'),
('04-02-2015','AA FY15'),
('04-07-2015','AA FY15'),
('04-10-2015','AA FY15'),
('04-11-2015','AA FY15'),
('04-16-2015','AA FY15'),
('04-18-2015','AA FY15'),
('04-19-2015','AA FY15'),
('04-21-2015','AA FY15'),
('04-23-2015','AA FY15'),
('04-25-2015','AA FY15'),
('05-01-2015','AA FY15'),
('04-15-2015','AA FY15'),
('05-20-2015','AA FY15'),
('04-26-2015','AA FY15'),
('06-05-2015','AA FY15'),
('06-16-2015','AA FY15'),
('04-18-2016','AA FY15'),
('09-21-2013','AA FY14'),
('10-25-2013','AA FY14'),
('12-27-2013','AA FY14'),
('02-01-2014','AA FY14'),
('03-02-2014','AA FY14'),
('04-24-2014','AA FY14'),
('04-26-2014','AA FY14'),
('05-01-2014','AA FY14'),
('05-08-2014','AA FY14'),
('05-13-2014','AA FY14'),
('05-21-2014','AA FY14'),
('06-12-2014','AA FY14'),
('06-24-2014','AA FY14')


-- Occurrence
INSERT INTO [UMDAlumni.Occurrence] VALUES
('A363','PDES','G36','07-06-2019',63,52,5,12),
('A195','POWE','G12','07-10-2019',7,56,1,0),
('A176','PNNJ','G12','07-11-2019',28,45,2,2),
('A191','PNPH','G36','07-11-2019',3,34,0,0),
('A193','PNPH','G36','07-14-2019',22,38,3,0),
('A074','PWDF','G36','07-17-2019',4,42,1,0),
('A128','PWLA','G36','07-19-2019',5,39,0,0),
('A170','PWSD','G36','07-20-2019',13,49,0,0),
('A041','PDNA','G37','08-04-2019',32,33,0,0),
('A024','PNBO','G48','08-04-2019',6,27,0,0),
('A286','PWNA','G36','08-06-2019',1,62,0,0),
('A050','PDMC','G12','08-14-2019',22,40,1,1),
('A196','POWE','G12','08-14-2019',62,34,5,0),
('A275','PDDC','G36','08-14-2019',55,49,1,2),
('A072','PWDE','G36','08-17-2019',28,47,2,0),
('A083','PDCP','G12','08-22-2019',45,41,4,5),
('A066','PDMC','G36','08-23-2019',64,49,3,4),
('A136','PWLA','G36','08-25-2019',48,41,4,5),
('A053','PDNA','G11','08-27-2019',27,50,3,7),
('A025','PDDC','G12','09-10-2019',37,39,2,2),
('A349','PNBO','G36','09-12-2019',14,37,2,2),
('A081','PSDF','G36','09-14-2019',4,51,1,0),
('A154','PDMC','G03','09-14-2019',14,40,1,0),
('A192','PNPH','G36','09-14-2019',9,45,2,0),
('A305','PNNY','G03','09-22-2019',16,39,1,2),
('A098','POWE','G12','09-25-2019',117,36,8,0),
('A047','PDMC','G36','10-05-2019',49,40,7,0),
('A005','PDNV','G12','10-08-2019',25,38,1,1),
('A224','PDBR','G03','10-12-2019',3,42,0,0),
('A096','PDMC','G36','10-12-2019',32,48,0,0),
('A252','PWTU','G03','10-12-2019',4,56,1,0),
('A051','PDBA','G49','10-13-2019',20,45,1,0),
('A235','PDSO','G36','10-13-2019',14,53,1,0),
('A070','PDMC','G12','10-15-2019',55,45,3,4),
('A206','POWE','G12','10-16-2019',96,41,8,2),
('A340','PDON','G03','10-19-2019',92,52,6,8),
('A183','PNNJ','G03','10-19-2019',5,45,0,1),
('A245','PDON','G06','10-19-2019',13,63,0,1),
('A368','PWSF','G36','10-22-2019',44,36,4,7),
('A348','PWLA','G36','10-23-2019',43,39,2,3),
('A026','PDBA','G12','10-24-2019',18,41,2,1),
('A039','PDBA','G11','10-24-2019',22,46,0,2),
('A231','PDSO','G36','10-24-2019',4,48,0,0),
('A081','PSDF','G36','10-26-2019',3,56,0,0),
('A076','PDDC','G03','10-26-2019',11,32,3,0),
('A084','PDES','G03','10-26-2019',5,66,0,0),
('A183','PNNJ','G03','10-26-2019',4,59,0,1),
('A166','PNBO','G46','10-27-2019',8,29,1,0),
('A165','PNBO','G12','10-28-2019',6,28,0,0),
('A280','PDON','G31','10-29-2019',56,32,4,1),
('A233','PDON','G36','10-29-2019',34,40,0,0),
('A273','PDON','G33','11-02-2019',12,30,0,0),
('A082','PWSD','G03','11-02-2019',9,36,0,0),
('A107','PWSE','G27','11-02-2019',2,28,0,0),
('A012','PDON','G50','11-03-2019',4,45,0,0),
('A011','PDON','G18','11-03-2019',72,23,6,0),
('A295','PDMC','G36','11-03-2019',19,46,1,0),
('A135','PDBA','G36','11-07-2019',100,48,3,5),
('A224','PDBR','G03','11-09-2019',7,43,0,0),
('A154','PDMC','G03','11-09-2019',5,47,0,1),
('A285','PDNV','G36','11-09-2019',4,45,0,0),
('A249','PWSE','G03','11-09-2019',3,42,0,0),
('A007','PDDC','G36','11-11-2019',19,40,3,1),
('A028','PDBA','G12','11-12-2019',16,30,1,0),
('A003','PDMC','G12','11-13-2019',17,30,0,0),
('A207','POWE','G12','11-13-2019',49,41,7,1),
('A139','PDON','G12','11-15-2019',100,38,4,1),
('A052','PDON','G39','11-17-2019',29,31,2,0),
('A340','PDON','G03','11-23-2019',38,54,1,0),
('A252','PWTU','G03','11-30-2019',1,64,1,0),
('A232','PWSF','G36','10-13-2019',10,36,0,0),
('A283','POWE','G12','07-01-2018',1657,41,702,97),
('A054','PDAN','G46','07-12-2018',13,26,6,0),
('A123','PDNA','G33','07-15-2018',26,34,16,3),
('A257','PDES','G19','07-18-2018',11,49,8,6),
('A127','PSJA','G12','07-23-2018',22,56,11,7),
('A222','PDDC','G46','07-23-2018',16,25,6,0),
('A039','PDBA','G11','08-03-2018',10,27,3,0),
('A173','PNNY','G03','08-03-2018',4,34,2,1),
('A197','POWE','G12','08-09-2018',10,29,3,0),
('A014','PSAT','G36','08-11-2018',50,53,21,11),
('A223','PNCH','G36','08-11-2018',11,33,3,0),
('A189','POWE','G12','08-15-2018',7,39,4,0),
('A029','PDBA','G46','08-15-2018',6,26,5,0),
('A126','PDBA','G36','08-19-2018',29,34,11,2),
('A179','PNCI','G36','08-21-2018',5,46,1,1),
('A053','PDNA','G11','08-22-2018',11,50,10,9),
('A061','PDNA','G39','08-23-2018',15,28,6,0),
('A198','POWE','G12','08-29-2018',10,38,3,0),
('A031','PDBA','G03','09-01-2018',5,40,2,0),
('A173','PNNY','G03','09-01-2018',11,28,1,0),
('A111','PWSE','G36','09-01-2018',5,22,0,0),
('A091','PWSE','G36','09-05-2018',14,42,7,2),
('A185','PSMF','G36','09-05-2018',14,45,8,1),
('A307','PDBA','G36','09-06-2018',10,28,5,0),
('A278','PDDC','G36','09-06-2018',5,26,3,0),
('A125','PDON','G32','09-06-2018',5,30,1,0),
('A031','PDBA','G03','09-08-2018',9,37,1,0),
('A055','PWNA','G36','09-08-2018',42,49,23,6),
('A134','PDMC','G46','09-09-2018',16,35,10,2),
('A033','POWE','G12','09-12-2018',11,37,5,1),
('A300','PDNV','G36','09-12-2018',11,28,5,0),
('A115','PDHC','G01','09-13-2018',29,42,18,9),
('A157','PNBO','G12','09-15-2018',6,29,3,0),
('A186','PDON','G08','09-15-2018',26,56,19,8),
('A173','PNNY','G03','09-15-2018',25,26,7,1),
('A219','PDPG','G03','09-15-2018',13,55,11,5),
('A041','PDNA','G37','09-16-2018',46,35,17,1),
('A199','POWE','G12','09-17-2018',18,42,12,3),
('A186','PDON','G08','09-22-2018',28,49,15,6),
('A183','PNNJ','G03','09-22-2018',6,45,1,1),
('A173','PNNY','G03','09-22-2018',2,31,0,0),
('A305','PNNY','G03','09-22-2018',28,41,11,3),
('A277','PDMC','G31','09-22-2018',1,41,0,0),
('A208','POWE','G11','09-26-2018',32,42,19,1),
('A053','PDNA','G11','09-27-2018',13,49,8,8),
('A115','PDHC','G02','09-27-2018',14,45,11,6),
('A017','PDON','G02','09-29-2018',10,57,5,4),
('A261','PDPG','G54','09-29-2018',63,39,27,1),
('A171','PDDC','G46','10-02-2018',9,30,6,1),
('A154','PDMC','G03','10-05-2018',18,38,8,0),
('A114','PDHC','G03','10-06-2018',7,48,4,2),
('A154','PDMC','G03','10-06-2018',19,32,8,0),
('A173','PNNY','G03','10-06-2018',20,25,4,0),
('A225','PDON','G02','10-06-2018',1,75,1,0),
('A175','PDON','G15','10-09-2018',16,23,3,0),
('A233','PDON','G36','10-09-2018',27,39,12,0),
('A099','POWE','G11','10-10-2018',32,32,15,0),
('A302','PNNY','G36','10-10-2018',4,37,2,1),
('A200','POWE','G12','10-11-2018',26,39,13,0),
('A279','PDON','G05','10-12-2018',56,43,22,3),
('A081','PSDF','G36','10-13-2018',4,56,1,1),
('A273','PDON','G33','10-13-2018',24,27,9,0),
('A249','PWSE','G03','10-13-2018',3,36,3,0),
('A228','PDBA','G46','10-18-2018',18,27,10,0),
('A085','PWSE','G13','10-18-2018',9,36,7,1),
('A031','PDBA','G03','10-20-2018',10,32,1,0),
('A096','PDMC','G36','10-20-2018',38,41,21,8),
('A039','PDBA','G11','10-23-2018',17,33,3,1),
('A100','POWE','G12','10-24-2018',20,36,15,0),
('A274','PNNY','G52','10-26-2018',76,25,7,0),
('A186','PDON','G08','10-27-2018',34,39,17,3),
('A221','PDON','G07','10-27-2018',32,25,14,0),
('A105','PWSF','G36','10-27-2018',10,31,7,2),
('A290','PDWE','G36','11-01-2018',21,34,2,0),
('A226','PWSF','G12','11-01-2018',16,33,4,1),
('A040','PDBA','G36','11-02-2018',13,42,1,0),
('A186','PDON','G08','11-03-2018',14,49,2,2),
('A173','PNNY','G03','11-03-2018',8,37,0,0),
('A053','PDNA','G11','11-05-2018',8,49,0,3),
('A140','POWE','G12','11-07-2018',29,38,1,2),
('A046','PDBA','G36','11-08-2018',28,48,2,4),
('A139','PDON','G12','11-09-2018',86,39,2,2),
('A281','PWSD','G12','11-12-2018',32,35,3,3),
('A057','PDDC','G12','11-13-2018',22,37,0,1),
('A088','PWSE','G27','11-14-2018',3,31,0,0),
('A309','PDON','G16','11-14-2018',26,21,1,0),
('A186','PDON','G08','11-17-2018',11,52,1,1),
('A249','PWSE','G03','11-17-2018',6,43,1,0),
('A031','PDBA','G03','11-24-2018',10,36,0,0),
('A020','PDON','G04','11-26-2018',2,58,0,0),
('A157','PNBO','G12','11-28-2018',12,32,1,0),
('A173','PNNY','G03','11-28-2018',17,28,0,0),
('A049','PNCH','G12','11-29-2018',14,36,2,1),
('A117','PWSE','G36','12-01-2018',6,38,0,0),
('A112','PDHC','G36','12-04-2018',59,47,3,4),
('A076','PDDC','G03','12-06-2018',18,30,3,1),
('A126','PDBA','G36','12-08-2018',53,47,7,10),
('A060','PDDC','G19','12-11-2018',26,36,2,0),
('A034','POWE','G12','12-12-2018',18,41,0,0),
('A188','PSTA','G12','12-12-2018',16,51,1,1),
('A168','PDNV','G12','12-12-2018',15,44,0,1),
('A187','PDDC','G11','12-12-2018',17,41,2,1),
('A177','PSNA','G36','12-14-2018',23,65,1,4),
('A042','PDBA','G27','12-15-2018',8,31,1,0),
('A077','PDDC','G36','12-15-2018',14,33,2,0),
('A088','PWSE','G27','12-19-2018',3,39,0,0),
('A183','PNNJ','G03','01-05-2019',21,45,0,1),
('A031','PDBA','G03','01-11-2019',13,34,2,0),
('A058','PDDC','G11','01-12-2019',22,39,2,0),
('A118','PSHO','G36','01-12-2019',5,40,0,0),
('A238','PWSF','G36','01-14-2019',9,32,1,0),
('A230','PWSF','G27','01-15-2019',7,32,0,0),
('A219','PDPG','G03','01-18-2019',13,45,1,0),
('A031','PDBA','G03','01-21-2019',16,34,3,0),
('A110','PWDE','G36','01-21-2019',7,41,0,0),
('A154','PDMC','G03','01-21-2019',18,33,3,0),
('A159','PDNA','G28','01-21-2019',17,42,0,0),
('A053','PDNA','G11','01-24-2019',15,51,3,4),
('A337','PSAT','G20','01-24-2019',75,47,6,7),
('A045','PDBA','G36','01-26-2019',9,42,2,0),
('A173','PNNY','G03','01-26-2019',206,37,19,11),
('A168','PDNV','G12','01-28-2019',35,49,5,8),
('A369','PDAN','G19','01-28-2019',80,45,8,7),
('A031','PDBA','G03','02-01-2019',16,32,2,0),
('A239','PWSF','G03','02-01-2019',7,33,0,0),
('A249','PWSE','G03','02-01-2019',7,36,0,0),
('A209','POWE','G11','02-06-2019',15,41,5,1),
('A065','PDHC','G36','02-07-2019',32,44,3,3),
('A180','PDMC','G46','02-09-2019',20,31,0,0),
('A201','POWE','G12','02-11-2019',16,45,3,0),
('A202','POWE','G12','02-13-2019',15,42,4,0),
('A031','PDBA','G03','02-16-2019',15,36,2,0),
('A224','PDBR','G03','02-16-2019',13,40,0,0),
('A081','PSDF','G36','02-16-2019',6,55,0,1),
('A154','PDMC','G03','02-16-2019',35,46,2,2),
('A243','PDSO','G03','02-16-2019',9,47,0,0),
('A301','PDON','G34','02-17-2019',41,47,5,5),
('A233','PDON','G36','02-19-2019',32,37,3,0),
('A251','PDMC','G36','02-21-2019',28,39,3,2),
('A219','PDPG','G03','02-21-2019',17,62,0,2),
('A311','PDON','G16','02-21-2019',10,22,0,0),
('A151','PWNA','G03','02-23-2019',4,45,1,0),
('A236','PDNA','G28','02-23-2019',9,42,1,0),
('A253','PDAN','G19','02-25-2019',63,42,0,4),
('A357','PWLA','G36','02-26-2019',79,41,7,9),
('A299','PDON','G49','02-27-2019',37,45,6,1),
('A114','PDHC','G03','02-27-2019',20,48,0,0),
('A330','PWSF','G12','02-27-2019',48,40,0,5),
('A298','PNNY','G17','02-28-2019',59,39,8,11),
('A352','PDON','G22','03-02-2019',137,53,3,10),
('A081','PSDF','G36','03-03-2019',12,48,0,3),
('A249','PWSE','G03','03-03-2019',7,36,0,0),
('A315','PDNA','G24','03-04-2019',5,27,0,0),
('A203','POWE','G12','03-06-2019',26,40,3,1),
('A190','PNNY','G46','03-07-2019',89,30,6,0),
('A293','PWSE','G36','03-09-2019',2,29,0,0),
('A335','PSMF','G20','03-09-2019',47,51,5,6),
('A048','PDMC','G36','03-10-2019',30,38,3,0),
('A258','PSMF','G36','03-10-2019',8,49,0,2),
('A004','PDBA','G17','03-12-2019',24,44,1,2),
('A263','PWLA','G36','03-17-2019',8,30,1,0),
('A112','PDHC','G36','03-19-2019',17,53,1,0),
('A266','PWSF','G48','03-19-2019',3,28,0,0),
('A073','PNDE','G03','03-21-2019',4,45,0,0),
('A183','PNNJ','G03','03-21-2019',7,47,0,1),
('A249','PWSE','G03','03-23-2019',3,38,0,0),
('A265','PNPH','G36','03-24-2019',6,43,0,0),
('A270','PNNA','G36','03-24-2019',4,46,0,1),
('A092','PDBA','G12','03-27-2019',138,40,13,11),
('A078','PSDF','G27','03-30-2019',6,46,0,0),
('A151','PWNA','G03','03-30-2019',7,47,1,0),
('A137','PDPG','G41','03-30-2019',15,30,1,0),
('A043','PDBA','G27','03-31-2019',8,28,0,0),
('A260','PNCH','G36','03-31-2019',4,28,0,0),
('A035','POWE','G12','04-03-2019',5,37,0,0),
('A153','PDDC','G12','04-03-2019',16,42,2,0),
('A053','PDNA','G11','04-03-2019',14,50,2,7),
('A338','PDHC','G20','04-03-2019',105,49,14,13),
('A308','PDON','G48','04-03-2019',143,22,8,0),
('A002','PDDC','G12','04-04-2019',27,31,3,0),
('A332','PNPH','G12','04-04-2019',12,42,1,1),
('A315','PDNA','G24','04-04-2019',13,21,1,0),
('A291','PWSF','G27','04-06-2019',6,40,1,0),
('A089','PWSE','G27','04-07-2019',7,33,0,0),
('A272','PNNY','G36','04-07-2019',3,33,0,0),
('A358','PNNY','G36','04-10-2019',315,42,16,46),
('A296','PDON','G36','04-11-2019',45,51,0,3),
('A161','PDMC','G27','04-13-2019',15,38,2,0),
('A101','POWE','G12','04-17-2019',20,39,3,0),
('A238','PWSF','G36','04-18-2019',15,32,0,0),
('A341','PDON','G43','04-23-2019',577,22,28,1),
('A365','PDON','G43','04-23-2019',42,24,0,0),
('A036','POWE','G12','04-24-2019',9,40,2,1),
('A321','PDON','G21','04-26-2019',216,47,12,32),
('A062','PDON','G26','04-27-2019',142,52,8,17),
('A248','PWSE','G36','04-27-2019',4,35,0,1),
('A068','PNBO','G27','04-27-2019',10,36,1,0),
('A354','PDON','G36','04-27-2019',4,37,1,0),
('A315','PDNA','G24','04-29-2019',5,21,0,0),
('A023','PDBA','G36','04-30-2019',18,33,0,0),
('A006','PDON','G21','05-31-2019',85,59,3,18),
('A097','PDBR','G36','06-02-2019',21,40,3,2),
('A269','PDNA','G44','06-02-2019',84,38,7,2),
('A375','PDBA','G36','06-02-2019',84,38,7,2),
('A191','PNPH','G36','06-06-2019',7,30,1,0),
('A138','PDNA','G41','06-08-2019',14,26,0,0),
('A324','PDON','G23','06-11-2019',52,45,7,5),
('A041','PDNA','G37','06-13-2019',71,43,2,0),
('A143','PWLA','G36','06-13-2019',29,34,3,1),
('A355','PDON','G22','06-13-2019',71,43,2,0),
('A326','PNBO','G36','06-13-2019',40,39,4,2),
('A131','PWSD','G36','06-15-2019',15,45,3,0),
('A077','PDDC','G36','06-17-2019',48,37,3,2),
('A005','PDNV','G12','06-19-2019',21,36,0,1),
('A372','PDDC','G19','06-19-2019',119,39,7,7),
('A091','PWSE','G36','06-21-2019',9,32,1,0),
('A240','PWSE','G36','06-23-2019',25,36,3,0),
('A204','POWE','G12','06-26-2019',26,48,4,2),
('A184','PDBA','G36','06-28-2019',60,41,1,4),
('A075','PDHC','G36','04-21-2018',34,40,15,3),
('A229','PDAN','G36','03-11-2018',23,42,6,0),
('A030','PDBA','G47','02-06-2018',12,27,5,0),
('A046','PDBA','G36','03-07-2018',26,43,0,2),
('A031','PDBA','G03','05-20-2018',4,35,2,0),
('A040','PDBA','G36','10-18-2017',20,30,4,1),
('A291','PWSF','G27','04-26-2018',4,36,2,0),
('A116','PWSF','G36','04-08-2018',7,30,3,1),
('A037','POWE','G11','05-03-2018',26,42,6,4),
('A060','PDDC','G19','04-12-2018',17,30,4,0),
('A069','PDDC','G14','07-26-2017',22,28,10,2),
('A053','PDNA','G11','02-22-2018',32,50,0,25),
('A053','PDNA','G11','05-31-2018',11,50,2,9),
('A079','PSDF','G27','04-14-2018',4,53,1,0),
('A081','PSDF','G36','02-24-2018',6,45,3,0),
('A262','PWDF','G36','01-20-2018',8,30,2,0),
('A013','PNNY','G12','01-29-2018',46,37,0,6),
('A093','PDPG','G12','06-19-2018',44,43,19,8),
('A095','PDDC','G12','04-17-2018',69,36,37,5),
('A102','POWE','G12','04-05-2018',42,43,12,2),
('A103','POWE','G11','05-09-2018',31,39,9,1),
('A103','POWE','G11','05-16-2018',27,39,3,2),
('A103','POWE','G11','05-23-2018',26,39,4,2),
('A103','POWE','G11','05-30-2018',22,39,1,2),
('A104','POWE','G11','04-24-2018',30,44,7,2),
('A114','PDHC','G03','01-11-2018',140,40,63,18),
('A121','POWE','G11','04-12-2018',18,41,6,0),
('A149','PWLA','G36','03-10-2018',14,29,7,0),
('A292','PWLA','G27','04-28-2018',11,36,5,0),
('A142','PWLA','G03','02-07-2018',9,42,2,1),
('A143','PWLA','G36','05-20-2018',7,32,1,0),
('A138','PDNA','G41','06-03-2018',29,27,16,0),
('A152','PDON','G51','10-07-2017',21,26,13,0),
('A139','PDON','G12','10-26-2017',79,36,8,16),
('A150','PDMC','G35','02-24-2018',9,67,5,1),
('A144','PDBA','G36','04-19-2018',77,47,17,18),
('A146','PIUK','G36','11-29-2017',8,27,6,0),
('A133','PISK','G36','09-03-2017',11,35,9,0),
('A177','PSNA','G36','03-23-2018',39,68,18,18),
('A188','PSTA','G12','03-22-2018',16,64,6,7),
('A162','PDMC','G27','04-14-2018',6,34,4,0),
('A154','PDMC','G03','02-07-2018',16,52,3,4),
('A163','PDMC','G12','06-06-2018',18,48,6,2),
('A176','PNNJ','G12','03-26-2018',22,42,5,2),
('A172','PDNV','G47','02-12-2018',13,27,7,0),
('A285','PDNV','G36','05-03-2018',46,31,15,5),
('A218','PWOC','G03','03-24-2018',18,43,5,2),
('A216','PDON','G36','09-23-2017',6,59,1,3),
('A210','POWE','G11','04-04-2018',37,40,10,1),
('A211','POWE','G12','01-17-2018',124,41,50,5),
('A129','PWLA','G12','02-27-2018',28,56,0,11),
('A220','PWSE','G12','03-19-2018',23,31,8,0),
('A064','PDBA','G47','05-16-2018',15,27,2,0),
('A303','PDBA','G47','06-03-2018',9,26,8,0),
('A227','PDBA','G47','04-10-2018',9,25,4,0),
('A132','PWSD','G12','05-30-2018',11,46,5,0),
('A124','PWSD','G36','02-06-2018',5,43,3,0),
('A239','PWSF','G03','02-17-2018',6,30,2,0),
('A238','PWSF','G36','02-21-2018',16,33,4,2),
('A240','PWSE','G36','06-23-2018',33,41,18,4),
('A088','PWSE','G27','02-12-2018',7,42,3,0),
('A249','PWSE','G03','01-28-2018',2,43,0,0),
('A249','PWSE','G03','02-17-2018',2,45,0,0),
('A249','PWSE','G03','03-04-2018',2,41,0,1),
('A249','PWSE','G03','03-18-2018',5,35,0,0),
('A085','PWSE','G12','12-09-2017',12,32,3,0),
('A085','PWSE','G12','01-27-2018',3,44,0,0),
('A282','PWSE','G12','04-05-2018',26,43,0,6),
('A242','PWSE','G12','11-15-2017',24,31,12,0),
('A009','POWE','G12','03-22-2018',36,40,12,2),
('A010','POWE','G12','03-29-2018',23,41,3,2),
('A016','POWE','G12','12-07-2017',76,42,31,1),
('A205','POWE','G12','11-17-2017',24,43,0,0),
('A250','PSAU','G36','03-13-2018',4,41,1,1),
('A306','POWE','G12','11-16-2017',24,43,9,0),
('A253','PDAN','G19','03-12-2018',36,39,10,10),
('A260','PNCH','G36','04-08-2018',7,30,3,0),
('A263','PWLA','G36','03-04-2018',9,31,2,1),
('A265','PNPH','G36','04-15-2018',4,45,1,1),
('A258','PSMF','G36','03-25-2018',8,50,2,1),
('A270','PNNA','G36','03-18-2018',5,35,1,1),
('A269','PDNA','G44','03-03-2018',32,25,6,0),
('A264','PWLA','G12','06-07-2018',37,37,15,3),
('A038','PDON','G21','01-07-2018',15,43,4,4),
('A038','PDON','G21','01-18-2018',12,38,4,1),
('A287','PDON','G21','05-17-2018',16,44,2,4),
('A294','PWSF','G12','05-23-2018',23,36,6,3),
('A122','POWE','G11','04-19-2018',32,42,7,2),
('A320','PDON','G35','05-20-2018',38,66,13,12),
('A324','PDON','G23','06-12-2018',52,44,19,3),
('A327','PDON','G36','10-28-2017',47,67,8,20),
('A341','PDON','G43','04-24-2018',629,22,507,0),
('A343','PDON','G03','10-21-2017',597,42,0,70),
('A345','PDNV','G12','09-14-2017',105,40,30,17),
('A358','PNNY','G36','04-25-2018',241,44,0,64),
('A342','PSAU','G36','09-01-2017',260,40,139,50),
('A352','PDON','G22','02-25-2018',131,52,33,40),
('A370','PDON','G22','12-06-2017',95,55,27,30),
('A363','PDES','G36','07-29-2017',39,47,11,7),
('A365','PDON','G43','04-24-2018',61,25,52,0),
('A369','PDAN','G19','02-21-2018',59,41,5,12),
('A326','PNBO','G36','05-17-2018',30,35,0,7),
('A372','PDDC','G19','07-12-2017',163,38,41,24),
('A311','PDON','G16','03-14-2018',18,21,13,0),
('A310','PDON','G43','04-27-2018',169,20,138,0),
('A312','PDON','G16','11-02-2017',4,19,2,0),
('A313','POBR','G12','10-03-2017',23,23,18,0),
('A315','PDNA','G53','04-30-2018',10,21,2,0),
('A308','PDON','G48','03-27-2018',143,23,80,2),
('A314','PDON','G43','04-26-2018',156,21,121,0),
('A316','PDON','G43','04-25-2018',79,21,68,0),
('A317','PDON','G43','12-03-2017',40,22,27,0),
('A267','PSTA','G36','07-07-2016',6,62,1,0),
('A008','PDMC','G36','07-10-2016',34,36,0,5),
('A041','PDNA','G37','08-07-2016',30,32,11,0),
('A321','PDON','G21','09-30-2016',261,52,68,119),
('A343','PDON','G03','10-01-2016',347,46,121,60),
('A350','PDON','G25','10-01-2016',116,44,37,22),
('A340','PDON','G03','10-22-2016',112,50,44,24),
('A329','PDNA','G12','11-10-2016',152,43,54,30),
('A340','PDON','G03','11-12-2016',116,48,30,25),
('A353','PDON','G22','12-04-2016',77,49,16,13),
('A031','PDBA','G03','01-28-2017',10,33,2,0),
('A369','PDAN','G19','02-15-2017',69,40,18,5),
('A120','PDON','G16','02-16-2017',24,23,21,1),
('A297','PWLA','G36','02-18-2017',18,34,7,2),
('A352','PDON','G22','02-26-2017',145,52,51,26),
('A214','PDNA','G36','02-28-2017',6,37,1,0),
('A269','PDNA','G44','03-04-2017',26,24,18,0),
('A371','PDDC','G03','03-10-2017',109,43,29,29),
('A187','PDDC','G11','03-30-2017',73,39,29,9),
('A292','PWLA','G27','04-01-2017',7,38,4,0),
('A155','PSMF','G23','04-03-2017',8,61,2,3),
('A361','PSMF','G12','04-03-2017',18,47,5,3),
('A156','PSMF','G36','04-04-2017',16,52,1,4),
('A361','PSMF','G09','04-04-2017',11,54,2,1),
('A361','PSMF','G10','04-05-2017',8,35,1,2),
('A296','PDON','G36','04-08-2017',43,55,0,17),
('A366','PDMC','G36','05-01-2017',1,44,0,0),
('A341','PDON','G43','05-08-2017',346,22,261,0),
('A365','PDON','G43','05-08-2017',33,24,28,0),
('A359','PDDC','G22','05-11-2017',93,46,22,10),
('A320','PDON','G35','05-20-2017',47,72,18,13),
('A325','PDON','G21','06-08-2017',22,74,3,13),
('A289','PWLA','G23','06-20-2017',11,35,8,1),
('A331','PDON','G16','10-22-2015',1,81,0,1),
('A216','PDON','G36','09-05-2015',4,54,0,3),
('A372','PDDC','G19','07-16-2015',195,34,66,17),
('A139','PDON','G12','08-01-2015',1,NULL,1,0),
('A269','PDNA','G44','11-07-2015',1,25,1,0),
('A041','PDNA','G37','08-16-2015',26,31,10,0),
('A090','PDNA','G36','08-20-2015',7,35,7,1),
('A158','PDMC','G36','09-03-2015',18,44,7,NULL),
('A367','PDON','G12','09-09-2015',60,46,25,11),
('A322','PDAN','G36','09-10-2015',69,46,33,10),
('A160','PDMC','G30','09-13-2015',10,26,8,0),
('A244','PSMF','G03','10-03-2015',5,41,1,1),
('A147','PWLA','G36','10-17-2015',4,38,2,1),
('A340','PDON','G03','10-03-2015',93,51,20,16),
('A148','PDDC','G40','10-06-2015',23,32,14,0),
('A071','PWDE','G36','10-10-2015',15,43,10,0),
('A154','PDMC','G03','10-10-2015',14,50,7,2),
('A247','PWSF','G12','10-20-2015',8,37,2,1),
('A340','PDON','G03','10-24-2015',190,48,82,41),
('A362','PNNY','G36','10-26-2015',149,42,32,52),
('A076','PDDC','G03','02-18-2016',5,25,3,0),
('A045','PDBA','G36','11-04-2015',35,38,15,2),
('A108','PDNA','G38','11-05-2015',23,30,16,4),
('A255','PDON','G36','11-06-2015',74,38,46,5),
('A279','PDON','G05','11-07-2015',42,39,32,4),
('A343','PDON','G03','11-07-2015',343,46,108,66),
('A350','PDON','G25','11-07-2015',87,51,27,26),
('A027','PDON','G38','11-08-2015',8,33,6,0),
('A094','PDNA','G36','11-08-2015',19,40,10,1),
('A087','PDPG','G36','11-14-2015',40,37,13,6),
('A163','PDMC','G12','11-17-2015',24,41,10,4),
('A271','PSAT','G03','12-01-2015',10,43,3,4),
('A353','PDON','G22','12-05-2015',59,48,15,6),
('A346','PNNY','G03','12-08-2015',257,45,103,76),
('A163','PDMC','G12','12-10-2015',41,45,16,6),
('A130','PDON','G11','12-11-2015',18,48,5,1),
('A141','PDON','G40','12-15-2015',25,34,8,0),
('A164','PDON','G42','12-20-2015',37,27,24,0),
('A319','PWSF','G03','12-30-2015',163,51,59,67),
('A076','PDDC','G03','01-02-2016',35,28,14,0),
('A076','PDDC','G03','01-09-2016',28,27,14,0),
('A076','PDDC','G03','01-12-2016',3,26,0,0),
('A159','PDNA','G28','01-18-2016',25,34,10,0),
('A110','PWDE','G36','01-23-2016',22,38,14,NULL),
('A076','PDDC','G03','01-31-2016',21,26,5,0),
('A110','PWDE','G36','02-21-2016',10,36,4,0),
('A076','PDDC','G03','02-27-2016',9,29,1,0),
('A284','PDNV','G03','02-27-2016',9,50,3,2),
('A352','PDON','G22','02-28-2016',101,53,20,24),
('A244','PSMF','G03','03-03-2016',12,37,4,2),
('A076','PDDC','G03','03-06-2016',8,28,2,0),
('A249','PWSE','G03','03-06-2016',5,41,1,0),
('A369','PDAN','G19','03-09-2016',77,41,29,12),
('A373','PNNA','G03','03-10-2016',142,52,46,60),
('A110','PWDE','G36','03-11-2016',13,36,3,0),
('A076','PDDC','G03','02-03-2016',3,27,1,0),
('A015','PDAN','G03','03-18-2016',19,46,6,3),
('A110','PWDE','G36','03-18-2016',5,36,0,0),
('A110','PWDE','G36','03-20-2016',16,43,5,1),
('A254','PDDC','G36','03-22-2016',33,40,10,8),
('A040','PDBA','G36','03-23-2016',16,39,2,3),
('A110','PWDE','G36','03-24-2016',11,38,6,0),
('A163','PDMC','G12','03-29-2016',20,44,10,4),
('A276','PDON','G45','03-30-2016',47,54,14,7),
('A056','PDNA','G29','04-03-2016',28,30,14,2),
('A061','PDNA','G39','04-03-2016',28,30,14,2),
('A109','PDON','G50','04-03-2016',15,41,6,0),
('A162','PDMC','G27','04-09-2016',11,38,6,1),
('A358','PNNY','G36','04-14-2016',232,42,57,61),
('A086','PDMC','G36','04-21-2016',114,50,46,38),
('A018','PDAN','G27','04-23-2016',16,38,5,1),
('A288','PDNV','G12','04-27-2016',17,39,5,3),
('A354','PDON','G36','04-30-2016',242,38,139,16),
('A341','PDON','G43','05-02-2016',122,22,89,0),
('A365','PDON','G43','05-02-2016',68,26,54,1),
('A351','PDBA','G22','05-05-2016',150,46,48,36),
('A296','PDON','G36','05-06-2016',49,47,11,14),
('A106','PDNA','G36','05-07-2016',14,36,11,0),
('A215','PDNA','G38','05-07-2016',32,53,4,5),
('A328','PSDF','G36','05-10-2016',23,41,11,3),
('A320','PDON','G35','05-18-2016',87,60,33,25),
('A032','PDNA','G38','06-08-2016',23,37,5,0),
('A333','PSAT','G36','06-08-2016',60,45,28,14),
('A138','PDNA','G41','06-12-2016',38,26,27,0),
('A372','PDDC','G19','06-13-2016',217,36,74,20),
('A022','PDDC','G36','06-14-2016',21,34,7,1),
('A143','PWLA','G36','06-15-2016',61,44,33,10),
('A288','PDNV','G12','06-28-2016',18,44,3,2),
('A072','PWDE','G36','08-02-2014',25,45,21,1),
('A241','PDNA','G36','08-09-2014',81,30,70,2),
('A169','PNNY','G36','08-16-2014',52,30,20,1),
('A237','PSMF','G03','09-06-2014',66,54,37,22),
('A041','PDNA','G37','09-07-2014',45,30,25,0),
('A182','PNNY','G12','09-12-2014',28,35,11,4),
('A067','PSRT','G03','09-13-2014',7,47,1,1),
('A178','PNNY','G36','09-14-2014',7,28,4,1),
('A235','PDSO','G36','09-20-2014',19,47,6,3),
('A059','PNCH','G03','09-21-2014',8,26,5,0),
('A340','PDON','G03','10-04-2014',118,45,58,25),
('A212','PNPH','G36','10-09-2014',8,30,3,1),
('A092','PDBA','G12','10-14-2014',113,37,58,11),
('A113','PSHO','G36','10-18-2014',6,33,5,1),
('A343','PDON','G03','10-18-2014',418,47,191,81),
('A350','PDON','G25','10-18-2014',118,53,48,37),
('A001','PWSF','G48','10-20-2014',23,49,6,11),
('A001','PSMF','G48','10-22-2014',37,51,10,20),
('A182','PNNY','G12','10-22-2014',38,38,7,6),
('A001','PNNY','G48','10-23-2014',18,40,7,6),
('A001','PWLA','G48','10-25-2014',20,55,9,9),
('A031','PDBA','G03','10-25-2014',24,35,14,0),
('A174','PNNY','G36','10-28-2014',28,31,7,1),
('A364','PNNA','G03','11-01-2014',114,51,58,42),
('A063','PNNY','G12','11-06-2014',18,43,11,4),
('A145','PWLA','G03','11-09-2014',6,40,5,1),
('A182','PNNY','G12','11-11-2014',31,34,7,3),
('A217','PNPH','G12','11-12-2014',23,33,11,2),
('A021','PDAN','G36','11-13-2014',13,38,9,1),
('A340','PDON','G03','11-15-2014',144,48,55,33),
('A031','PDBA','G03','11-22-2014',11,36,7,0),
('A076','PDDC','G03','11-22-2014',26,29,9,2),
('A213','PNPH','G03','11-22-2014',9,36,4,4),
('A158','PDMC','G36','12-02-2014',57,35,26,5),
('A194','PNPH','G36','11-11-2014',5,32,3,1),
('A284','PDNV','G03','12-03-2014',9,40,5,1),
('A216','PDON','G36','12-06-2014',12,40,4,3),
('A234','PSMF','G49','12-09-2014',20,58,10,7),
('A119','PDON','G40','12-10-2014',7,40,6,0),
('A176','PNNJ','G12','12-11-2014',35,36,6,5),
('A181','PNNY','G36','12-11-2014',35,36,6,5),
('A044','PDBA','G27','12-13-2014',8,37,4,0),
('A154','PDMC','G03','12-30-2014',105,42,55,16),
('A173','PNNY','G03','12-30-2014',28,32,7,3),
('A028','PDBA','G12','01-14-2015',18,37,11,0),
('A077','PDDC','G36','01-15-2015',27,50,15,12),
('A259','PSTA','G03','01-17-2015',16,58,7,4),
('A239','PWSF','G03','01-22-2015',13,32,8,0),
('A360','PDON','G23','02-03-2015',177,44,110,27),
('A284','PDNV','G03','02-04-2015',45,41,17,4),
('A238','PWSF','G36','02-05-2015',11,34,5,2),
('A256','PSTA','G36','02-07-2015',25,70,6,5),
('A142','PWLA','G03','02-08-2015',33,42,21,8),
('A352','PDON','G22','02-08-2015',123,52,60,31),
('A182','PNNY','G12','02-10-2015',34,40,6,7),
('A183','PNNJ','G03','02-11-2015',10,45,1,3),
('A031','PDBA','G03','02-14-2015',71,33,34,2),
('A151','PWNA','G03','02-24-2015',8,37,5,0),
('A167','PNNY','G17','02-26-2015',13,43,5,2),
('A245','PDON','G06','02-26-2015',32,53,11,8),
('A304','PDDC','G47','02-26-2015',49,27,27,0),
('A157','PNBO','G12','02-28-2015',18,30,11,0),
('A239','PWSF','G03','02-28-2015',11,33,5,1),
('A076','PDDC','G03','03-03-2015',56,30,27,1),
('A339','PWLA','G36','03-07-2015',149,42,70,32),
('A031','PDBA','G03','03-13-2015',17,34,5,1),
('A076','PDDC','G03','03-13-2015',64,29,39,1),
('A154','PDMC','G03','03-13-2015',54,44,30,12),
('A213','PNPH','G03','03-13-2015',8,31,4,1),
('A285','PDNV','G36','03-13-2015',19,27,5,0),
('A374','PNCH','G03','03-13-2015',59,43,26,15),
('A015','PDAN','G03','03-20-2015',23,41,14,1),
('A076','PDDC','G03','03-20-2015',36,28,17,0),
('A224','PDBR','G03','03-20-2015',7,59,2,1),
('A243','PDSO','G03','03-20-2015',7,34,7,0),
('A334','PDBA','G36','04-02-2015',114,48,35,36),
('A182','PNNY','G12','04-07-2015',25,39,2,6),
('A296','PDON','G36','04-10-2015',45,52,18,12),
('A018','PDAN','G27','04-11-2015',15,38,6,1),
('A268','P9NA','G27','04-11-2015',28,42,11,3),
('A077','PDDC','G36','04-16-2015',13,39,2,2),
('A080','PDDC','G12','04-16-2015',12,39,2,2),
('A336','PSMF','G36','04-16-2015',55,55,16,16),
('A268','P9NA','G27','04-18-2015',9,47,5,2),
('A268','P9NA','G27','04-19-2015',16,35,4,3),
('A019','PSAT','G12','04-21-2015',14,43,9,3),
('A358','PNNY','G36','04-23-2015',265,39,53,60),
('A268','P9NA','G27','04-25-2015',14,39,4,3),
('A027','PDON','G38','05-01-2015',64,37,51,4),
('A080','PDDC','G12','04-15-2015',1,37,0,0),
('A320','PDON','G35','05-20-2015',96,69,40,30),
('A268','P9NA','G27','04-26-2015',1,44,0,0),
('A365','PDON','G43','05-20-2015',185,51,113,33),
('A344','PDON','G21','06-05-2015',165,62,45,80),
('A355','PDON','G22','06-16-2015',56,43,7,5),
('A245','PDON','G06','04-18-2016',11,48,5,1),
('A318','PDBA','G03','09-21-2013',63,49,0,23),
('A321','PDON','G21','10-25-2013',340,53,0,131),
('A356','PDAN','G03','12-27-2013',224,47,0,34),
('A256','PSTA','G36','02-01-2014',17,66,0,7),
('A245','PDON','G03','03-02-2014',19,60,0,5),
('A358','PNNY','G36','04-24-2014',222,38,0,66),
('A347','PDON','G36','04-26-2014',86,57,0,29),
('A366','PDMC','G36','05-01-2014',49,43,0,12),
('A323','PDNV','G36','05-08-2014',40,47,0,7),
('A184','PDBA','G36','05-13-2014',2,31,0,0),
('A320','PDON','G35','05-21-2014',76,67,0,27),
('A365','PDON','G43','05-21-2014',68,29,0,4),
('A372','PDDC','G19','06-12-2014',118,34,0,16),
('A167','PNNY','G17','06-24-2014',44,41,0,9)
